sequence,protein
ACGAAGCACACACAATT,0.14391
GATGATGTACTATACTC,0.00962
AGCGGTAGTAATACACA,0.07281
ATCTGGGAGAACATGCC,0.65328
ACCGCTGGAAGAGGAAT,0.22439
ACCAACCTACTAAACCA,0.02368
CTGGAGGAAAGATTCTC,0.54375
ATTGTAAGCTTTTGAGG,0.01447
TTTGCAGATTATGGATC,0.05503
CTTTCAGAGACCAAATT,0.23778
ATCACACCCACCGGTCC,0.00451
ACGTACAGCAGCTAAAC,0.04194
GATAATTCTGTCGGTGA,0.0
TCGATGCTTTAGTAAGG,0.00791
CCATAGGATACAGTTTG,0.35664
GGAAACCTTTGGGAGGA,0.19204
CTAGGCTGCCTTCGTTA,0.00112
GTCCCATAGAGATTTAT,0.06406
ATTAGAGAGAGCTATCT,0.41769
AGCGAGGTCTCACGATT,0.57737
TAAGCGATACAAATAGG,0.23887
CATAGTACGATTTACGA,0.03713
TTAATGGTTAGACGGTG,0.01504
ACCGATTAATAGCACTC,0.0973
TCCAAATGAGCCTCAAA,0.19222
TACAGAACGAACGCGGC,0.03635
GCGGCAAACGAAGATTA,0.00806
ATGACAAGTCATAAGCC,0.26287
TAAGGAATACATCGGTG,0.03758
CCATATTCAAAGGGCTC,0.0
TATGCTATTACAATTGG,0.0
CCCCATAGATAAACATC,0.09356
TCGCGACCCGGATATAA,0.00099
CTAAACCTTGCCTCTGA,0.00614
CTGAAAAGAGCACTATG,0.22531
ATATGAAATCTAGAGAT,0.3914
TTTTATTTCAAAGCTAA,0.00283
TAGATGAATTGTCTTGG,0.12356
AACCGATGCTTGTTGAA,0.10229
GAGAGGGGGGGGATTCT,0.80898
GATCGCGGATTCCATTA,0.03558
ATACATAGTCGAGGTCT,0.23175
ATGCAAGTATAAATAGC,0.14556
CAATTACAGATAACCCG,0.06968
GTTTCGAGTTTTCTTTA,0.02038
TAAACCGTTGCTTATAG,0.00147
TAAATGTTGTCCCACAG,0.01829
CGAAGTGAGAGATACTT,0.48266
AACTGTGCCCCGCGCAC,0.00353
ACGTGTGCGTTGATTAA,0.03944
AGAAGCGGGGAGATACT,0.76942
GCTAGAAGGTAAACATC,0.43328
TGTAGTCAAAATCCAGT,0.05168
ATCAGACACGACCAAGC,0.00545
CCTAGATGATAGGAGAC,0.10644
AACACTGAGGGAAACAC,0.48611
TTGTACTAGTTCTTGCC,0.03429
AGCTTAACATGACCTAC,0.31323
GATCTCTTCCAATACCT,0.00314
GCCAATTACAATTGTCA,0.0093
ATAATGGGTCGTCAACT,0.38958
TATGTCACGGAACAACA,0.06184
TAGTAACGTAGTACAGA,0.01774
GTAACAACGGGCCGATC,0.05653
CGGGGTGAGGAAAACCC,0.41703
TGCTAAGAGCGTTGTAA,0.07752
AGTGACGCAATGCCTCA,0.00678
CATACGTGTAAAGACCC,0.14255
CATGGCTATCAGGTAGT,0.11312
ACGGGGCTAACAGAAAC,0.29623
CAAACCAGTCCGTAGTA,0.0
ACTGTCAGTGACAGGAA,0.00252
AGTATGGACGAGTGAAG,0.33693
GCTTAAAGAGTTATGCA,0.06604
AGCTGGATGATGTAACT,0.30037
ATGACATCTGAAAGGGT,0.02832
TCATATAGCTTATCGCT,0.03087
CATGTACCTGAGCAAAC,0.01033
CACGAAACTTGAATCGC,0.16494
ACTGTTGTATCGTGAGT,0.00742
TCTGAACCCCGATGAAC,0.09032
ACCGGGAGATCATCACC,0.53596
AAAGACCTACAGTACGA,0.04811
CCAATCGTAGTGCAGCA,0.00553
TTAGCAGAAGGCATATT,0.41521
GATGCTCATTTCAGACC,0.03869
GTAGGGAATCAGAACCT,0.0
TGATACGGACACACGGA,0.09316
AGAGCCAAACCTAACTA,0.03165
TTGTAGGTCCGAAAGTG,0.04636
GACCTCGTCCACCAAAG,0.02232
GACAAAAGGTCTTAGAT,0.38771
CTGGCTATCCTATTAAT,0.10878
TATACCCGCCCAAACAT,0.02221
AATAGTCGCGGAGGGAT,0.42469
GTTTAGTAAAATCTGCG,0.02686
ATCCTGAGAAAGAGGCC,0.35148
TAAGACGTGTCCAACCC,0.37361
ATGATTTCTCCTGTTAC,0.0313
TCAGCCAATTGCACCTA,0.00037
GCAAAATAGCTCATAAC,0.04983
GTTATCAAGAGATCTTC,0.06567
TTAATGAAGTGCATCTC,0.06561
TAAGACCTGTTAGGCTA,0.29655
GGAGCAATACGTTGGAA,0.30628
GGCATAACCCCGCGATA,0.0
GAAGCTTTCGATAAGGG,0.0023
AAGACAGAGAAGATCAT,0.44505
TTCAATAAGCCGAGTTA,0.0
TGAAGAGAAACGAATCT,0.43554
TCAAAGTACCTGACGAC,0.04786
GAAGACGTCGTGGAAAG,0.04282
TAGTCCGTGAGAATCGG,0.0077
AATACTTGATGCTTCTA,0.02277
ATAATCCCAGAATGTTG,0.07869
CCAACGAGAACGACACT,0.36774
GGTCATTGCCCAAATTT,0.02252
GACAGAAGGCTAAGACC,0.42329
CACGTGAGATACAATGG,0.33855
GCGCACCGACAGAAGAG,0.01387
CTCCCGCGAAGATTAAA,0.01744
GCACAGATTAAATCGGT,0.00235
GCATGAACGCAGATATT,0.25199
ACGAAATCGAAAGGGTT,0.09027
TCAAGGGGACACTGTTA,0.37273
GAATCGGACGCGTCAAA,0.03277
GTGTATCTCCAGTATTT,0.01946
AGATCACAATGCCGTTA,0.02384
TCACAACCTGAACCGTT,0.0
GCAGGAAGAAAAACACT,0.62957
GAACCTTAACGATTCGA,0.0334
TACAATCCGTTGGCATT,0.03393
AGGTAGACAGTACGGGA,0.0731
ACTAGGGCCTCCACAAA,0.06615
CCACGACTCGTGAACGA,0.00293
GATATTCCACCAAGTCA,0.0
GACGCAATATACAATGT,0.02487
AACATAACTCTGCAGCT,0.02249
TGCCACCCAAACGTAAT,0.06092
ACAACGGAAGACATTGG,0.17938
AGCTGAGGATTCACACC,0.53861
CTGTAGGTAAGACTAGC,0.36268
CGCGTCGGACTTATAAA,0.03595
TAAGTACCAATACTTGA,0.02193
AAGCCCTACCTACACAA,0.00161
CGTATGGACGACGGCGG,0.04325
CATACGCAAGCTTGGAG,0.03016
AAGACCGGATATTCCGA,0.06753
TCTAACTAAATCGAACG,0.01712
GACTGGTGGGAGATATT,0.38041
CAAAAAAAAACCACATA,0.01255
CCCAGTGAAAGATAATT,0.16889
CACTTGTCTCCAGCCAT,0.0196
CAGAAGACAGGGGCATA,0.27541
CCGTCAAGAAATTTCCA,0.02986
GTTAACGTGTAGAGGCC,0.05693
ATGGGAGAAACAAACCT,0.74751
TCTGTCATTAATTTTGT,0.00344
TCTTCACATTTCCGATA,0.0
TTGGAGCAATATAGGCA,0.22916
CGGCGAAGAAAAAACCG,0.05054
CCAAATCCATTATAATT,0.12191
AGAGTTATACTCACCCA,0.03217
ACAATTTTCCAGGAGAA,0.00824
AGTGGAGAGGGGGTACT,0.82792
TCATCGGAGACCTAAAT,0.44868
AACCGCTGGCATCGTAA,0.0
CCAGTACAATATTACAC,0.0834
TGAGGAGAAAGAAAGAC,0.79655
GCATCCCACGTCACTTA,0.00206
ATTCCCATAGGCAATCT,0.23597
TATTAGGAAACCAATAC,0.40734
AGACATATCATATTTAT,0.15309
CCGTTCGCAAGAGAACC,0.02312
AACCGGCCATACAAACC,0.06619
ACCGGGAGAGAAACCTT,0.69161
GAATGTATGCCAAAGCT,0.16042
AGTATGCAAGACTCTAC,0.14779
ACCAGAAGAAGAAGACC,0.21339
ATACCATAACGATCGGA,0.00081
AAAAGAGAGAAAAACAC,0.44201
CATAGTACCATATAGTG,0.02965
TCACAAACCCCACTAAA,0.00273
TCACGAATCTAGAAACC,0.04199
GTATACAACGGTTGCCC,0.02572
GAGGGCTCCCTACCGCA,0.09095
CCCATAGACACGGGTAA,0.00163
AACCTACCGCTTACACT,0.0402
GAGAAGATCTTTGTAGC,0.19098
CTGGCTGAGAAGAAATC,0.4184
TATAAGGGAAGGTTACT,0.58798
TACAAACACACACGTGC,0.02379
ACTGAGCTAGATGCGCT,0.10237
CACAGGCCTGTACTAGA,0.09219
ATACCGCAAGCACGCGA,0.00282
ATACAACTTACGACTAT,0.13333
TGAGCACCATCGGGATA,0.0115
TTGCTTTAACTGAATCA,0.0144
TGCGAGGAAAAGAATAT,0.61271
AACGATGAAACATAGCT,0.0937
CAAGATCCCCGCCACTA,0.0028
TCAACCAAAAAGTCCTA,0.0
CCAATCGGAAACGCCAA,0.06502
AGAGAGCGACGCCGAAG,0.08498
ACACACCAAAAGCAACT,0.04246
ATAAGTGCTGTTATGCC,0.08987
GAGATGTACCGACTACC,0.07839
ACACTTTTTCTAGAGAT,0.08892
CAAGATGGTCGGCCAAA,0.10909
ACTACCAATACGCACAA,0.06994
GACAGAATACACGACTT,0.00761
GTCGAATAATTGAGTTC,0.00475
TTAGTTTACTACGGCAT,0.11164
ATAACTTGCTCGGTTCC,0.00299
GAGCTGCGCCAATATCA,0.00932
TACAAGCCTGTATCACC,0.08971
GAATTTTTAGACGTTCA,0.03639
ACCCCATTTTGAATGCA,0.05143
AGCGATATAAGTAGACC,0.21279
CACGATGAAACGATACT,0.14556
CGAAATGCTGCGGAAAT,0.03359
ACGGGAATGCAAGATCC,0.38661
TCATTACAAGTAAAGGT,0.00097
AGCCGCTGAAAGCGTAT,0.01538
AGTAGTACGGAGTATGG,0.3041
GGATTAACGGCCCAACA,0.04621
AAATCCTGTGAGGACGC,0.43244
GCAGGGAGTTAGAGACT,0.64702
AGTCAAATTTGCGTGTT,0.08942
ATATTGAGATTGTGGCT,0.39937
CAATCTATACCAAACGT,0.11532
AAGGGGAGAATAACCTC,0.58841
AACATCCGAGGTTAAGG,0.14356
CACGGAACGAAGAGAAT,0.35875
TATCGAACAGAGAAGCA,0.05995
ATGAGATTTTGGACCAG,0.06056
TATAGTTTGGTGGCGAT,0.20594
AAGCCCAAGATGAGGGG,0.00628
AAACATCGCATGGTGTT,0.01008
TTGAGTTTAACATAGAC,0.13763
ATGTCGCCAACAGAGAA,0.08084
GAGGCAGATCGGCAAGG,0.06344
TACCTCATGAACTGAGC,0.01894
AACGGAAGAAAAAGATC,0.45991
GGTCCGAGAGAAATCAC,0.33944
GTACTCGAATACAGAGG,0.00823
ACTGACGATTACTAACG,0.06554
TTTCATGGATTATCGTA,0.00266
CACACGGTAACTACAAT,0.17069
CTCTGGACTAGACAGTG,0.06936
TGTAAACCACTGCGCGA,0.00479
CGACATACGGAGGACTA,0.44645
TCCTAACTGAGACCATA,0.02404
GTTACATTGAAAGGTTT,0.09167
GGGTATAATCTTACCGA,0.05474
CGTGGGGTGGAGGTATT,0.50158
TAAACATTCCAGGGCTG,0.01106
TACTTTGAAACGCCGAA,0.04389
ACCGGTGAGAGCAAATC,0.38523
ATCTGAACAGGGGATGT,0.41527
CATGGGGAAATTTTCAA,0.4042
AACAGGAGGTCATTACC,0.82685
ATTTCCATGCCTTACAA,0.02093
CGCCCACTGAGGAAGAA,0.17084
ACTTCCCTGCCAACCAA,0.0
TTTCATAGCGATTCAGT,0.0155
AATCGCCGAAGTTGCCT,0.14483
ACAAAGTCAAATCCCGC,0.15384
GCAGCCAATTCAGAATA,0.00604
ATACAGAGGCCGTCAAG,0.43332
GGTCTGGTTCATTAGAA,0.00735
AAAAGAGAGGCGTTCCC,0.45877
GTAGGTGAGGAGTTACT,0.6783
CTCCGCGGAACTCTAAA,0.11351
AAGACCACTCCGGGATA,0.00383
GTCAATACCACCCGTAT,0.01847
GGCCTATCGATTTAATG,0.05386
TGTCAGAAGGAATGATG,0.33129
TATATAGAAGTACGATT,0.21832
TTTAGTAGATAATTTGG,0.03291
GAAAGTCAGCCACACTA,0.01713
GCGAACGCCAATAACTC,0.02063
CAGGGGCACTACTTCTA,0.39231
GGCAGAAGAAGAAAACT,0.34561
GAACGTAGTTAGAGCAT,0.05823
GAAAGCGTGGAGGTTCT,0.72796
ATGTAAGATGATCAGTT,0.17069
CGACCAACCGTCGTTAC,0.0
TGTAGAGATTAGGCTTC,0.23914
ATGCTACTTGACGCAGT,0.09323
ACACTCTCACCCCAGCA,0.00492
TAGAGTTCTAAGGAATG,0.11501
CAAGATCCGATTCTCAC,0.0603
AACACAGCCAATCCCGG,0.00189
ACCTGAGAGAACAATCC,0.4044
ACGGGAAGACTATGACC,0.43178
TTACGTCAAAATGTCAG,0.03759
CCCTGTGAGGAATTGTT,0.46374
ACCTCAACACGCATATT,0.04718
ACAACTGAAGCATTCCT,0.04343
TTTCATACAAATTACTT,0.03241
TTACAAATGTGCATACG,0.03562
ATTGCGCTAAATATGAG,0.01726
ATACCCGAGGTTTACGC,0.46286
ATGGAGGGAAGCTGCGA,0.57661
CCCATATACGATACGCA,0.05122
TTCACATGGGACAGAGA,0.23551
CAACGCTTAGCAATATC,0.05501
TCATCTACAAACGACTC,0.00199
CCAATCTCAAAGCAAAG,0.02598
CGTAAGGACTTTATCCA,0.34069
CAACAAGTTAAGTTCAC,0.07604
ATAGCTCCGCCGACTAA,0.0
TAGGTCGGACAACGATG,0.14739
TAAACGGTCAAGCTTGA,0.00481
GCGATGGCCGGTATTAA,0.05018
CGCTTAAGTGAGTAAAC,0.25613
TCCTGATCGCAATAGGA,0.07
CTCTTATCCTAGGTAAC,0.0
GGCATGATATTTTGAAG,0.19931
AATAGAAGGCCAAAATT,0.52672
ATACTATGAAGGCAGGA,0.35497
CTATAATACTCTTATCT,0.11998
CATTACCATCCAAAAGG,0.0
CTCTGTGAGACCAAACC,0.2252
GATTCTAGTGTGAAACT,0.23836
CTCTTGGCAACATCTAA,0.00551
AAGCATATCTCAGGACA,0.01041
AGGACAGAAAAAAAACC,0.44747
TCGAGAAACTCATGAGC,0.31726
AAAGCGGGCAATACGGA,0.06273
TTGCGACCTGGTCAAGA,0.03633
GTGAGATAGCCGTAAAG,0.30987
ATAAGAAGATAAACATC,0.36653
AAAGCCGATGGAGTGAC,0.18294
TCCTCCGAAAGACTAAA,0.00972
ATTTATCCTCGAAAATG,0.04974
CAATCCCATTTAACACC,0.02686
GCCAGAAGGTCATCCTT,0.51758
AGCGGTGAAAGGAAACC,0.37166
TGAAATGCACTGAACCT,0.19732
GTCAGAGGGATATTACT,0.51848
GAGAACGAATTGGACGC,0.05094
ACTGCAGAAAAAAACAT,0.38698
CTTCTCAATTGCTAGTA,0.00153
TGCTATGTTTGGAACCT,0.29813
CAACCACACCAGTCATA,0.0
ATCTTGTGCGTCCCATC,0.06906
ATACGTTCGACCGGAAG,0.0041
GAAACGCCGCATGGATG,0.00402
TATCGTAACTCACCGCA,0.00515
GTGACGGGAATCTACGT,0.45357
CTATCGGAGGCATACTT,0.61313
ACCCGACTCTGTTCACC,0.02546
AGCACACATCAAAGCTA,0.00181
GTCTCGTAATGACTAAG,0.22197
GCTAGAGGGCTATCCCC,0.50932
ATCCAGCCGCATAATAG,0.0
GCACACAAAAGAGCTAC,0.00077
CAAACCTTTACTATGAC,0.02847
AAGGGAAGGAGAAGCCT,0.79686
ATGATGGTAGATGGTCA,0.25378
AGCTAGATTGCATATGA,0.0
GGTGGGGGGGAGTTTTT,0.57387
CACCGACAGAGGTAAGC,0.28317
ACGGGAAGAAAAAGACT,0.49052
TGTTCGGAAAATGCACC,0.12363
AATCTGTCATTGCTAGT,0.00984
AGGGGCCCAATAATCGA,0.41024
AACGAATCAGTTCGGCT,0.0053
TTTGAGGGGGCGTAGTC,0.58142
ACGGCAGGGGCGAAACC,0.24957
CCCACCAATAACTAGGA,0.19455
TACCTGAATCGAATGGA,0.00635
AATAGGGCTGCGCCAGT,0.00642
ACTCACCTCCTATAGAA,0.00593
ATACCATTAACGTACTC,0.05679
AGGTGCCAGATCCACAA,0.10904
ATGATGATAAAACGATA,0.30211
CCTTATGGAACAAAACC,0.28844
ATCTATATACCAGGATG,0.01703
ACTCTAAATACGGACCC,0.02944
CCGGCCATACCAACATT,0.03014
GAAGTCGACGAAAGACT,0.12817
CAGACGATGGGACAGAA,0.30573
CTGGGCGTGGGGATTCT,0.3068
ATTTTCTCGCCAACATG,0.0019
AAATACTTCCTTTGGTC,0.0
GAAGCTATAGCAGCCTA,0.01823
AAAACGGCCCGGCTGAG,0.10176
GTCTAGCTCGAACACAA,0.01172
CGCGAGGTTAGCAAGAT,0.53133
TACGAACAGTGTACAAC,0.18693
GGCGGAAGGTAATCCCT,0.45359
AAAGGAAGACAAAACTT,0.585
GTGAGGGGGGTAACATC,0.56421
TCAAGAGGTAGTATGAA,0.43075
CAAAGATAGTGGACGGA,0.02855
ACCAGAACGAGGGCGAT,0.33349
GGGATCGAATAACAAGG,0.08231
CCCCTAACGGGTTAAAC,0.03982
CAAGGTGAGGGGATTTT,0.76732
ATATGAGACCATAGGTT,0.29
CGCAAGGGGGACATTCT,0.76826
TCGAGACACTCTACACC,0.13866
ACACAAACCGTGAGTCG,0.01858
GCAAAGTCACTGATGAC,0.0
CTGCAGTTAGAAATTGG,0.01218
GCAGGGAGATCAAACCC,0.53901
TAAACGGTTCACCATCA,0.02219
AGAGTCAAAGGGTGACG,0.13406
ACGGTGCGAACATAGTT,0.39476
TCTCCAACGAAATCTGA,0.0
CGCACTTATTTGATTAG,0.01466
AATTGGTAAATGGGCCT,0.24115
GCGTAAACTGCCTGAGT,0.02189
GCATCATGAATAGTGGT,0.30813
GCAGTCTATGAATTCAT,0.04197
GCGTAAATATGGAGAGC,0.17584
GAAAGAAGGACAAGCCC,0.49285
GCCAGAGGAAAGTGAAT,0.44139
TTGCCCTATTAATACGA,0.0185
AATCCCGCCCCCTGATG,0.00536
TAGGATCGCGAGTCTGG,0.05121
TATCCTGGACACCGAAC,0.16744
ATACTTCGATTCACCAT,0.11073
GATTATCAGCAGAATCA,0.01057
CCAAGCAGAATGGCGTA,0.00541
GTATAAGACCAACGATG,0.22322
ACGAAGACGGCCAGAAA,0.0015
AGCGATACATAAATGTA,0.00502
GCTAAGCGCCGAAGAAC,0.03332
GATTAGAAGAAATGAAT,0.12975
GGAGGCGTGGGGTTTTT,0.00769
CCGAGTGGAAAGATATT,0.41674
AACATGCCGCGGACAGA,0.00359
GACTGTATATACCAGCT,0.0869
GTGCCCAATAATTGACC,0.00842
TAGAGTAGCAATTACTT,0.24648
GCAATCACAGTATATGT,0.04182
TTAATCTGAGCCTAGCC,0.09833
GATGGAGTGGGGGTTTT,0.5716
AAGTATACGGGGTTAGT,0.47957
GAACACACAACCTATAC,0.01205
AATTAAGGGACAAATTT,0.49975
ATGAGGGGGGAGTTACT,0.87159
CAAACAGATCTGCAGGG,0.00084
CATTAATAGACTCTCAC,0.07843
GGCAGAAGACAAAACCC,0.32624
TTACGATTGAATGGCTA,0.00484
ATGAGGAGATCAATCCC,0.81239
ACCAGGGAGACAATCCC,0.46448
TGAGCAAGTCGTAGAAG,0.0
ACAAGTGAGAACATCCC,0.22694
GCTTGGGATATTAAAGT,0.39434
CATCGGCCAGGAAGTGA,0.02316
CAAGATGCACAACACCC,0.00731
AAGACAAGGGTCACACA,0.24536
CACGCCACTAGAAAATT,0.15613
GGCAGGGGGGCAACATT,0.55791
GTCTGTTGTGACAAAAC,0.0302
ATAGGACTAACACGCCC,0.16062
AAACCAGTAAGAAAATA,0.00456
AGTCAATCTGCATATCA,0.01033
GCAATCTCAAATATGGA,0.00346
TACGTTAGGCTAAAACT,0.33526
GAGAGTGTAACGATATG,0.48457
TTCATGACACACACATT,0.00115
TGGATAGAATGGGAGGT,0.08549
AAAACTGGAACAAACAT,0.42171
ATTATTCCTGCAACACT,0.01886
ATCGATATCGATCCCAC,0.03481
TCTAGGTGGGGGGATAT,0.52437
ATATACTGTAGGTTTTT,0.29405
AACGTAACATCAGCCCT,0.09076
ATGACTGTAACTTTGTT,0.24384
ACTAAATTCATATGGCA,0.06126
TGATCCACACACGATTT,0.08482
CCTAATAAGGGCGCAAG,0.42666
AGCCGAAATAGGAAACG,0.1707
GCACTCAGCATCGTAAT,0.0
GACCTAGGCGACAGCAA,0.0813
CTTGCAGAAAGGTTGCC,0.35064
CCTAGACTTAGATAACT,0.26608
TGTACCTTGATACTAGC,0.22116
AAAAGCAGGCAGGGTGA,0.1003
TAATGGTCGAGACCGAT,0.47074
TAAATTCGGACCTTTAC,0.03032
TGCACATTATGGGCTCG,0.00901
GAGATAATGTTTTCGGC,0.08492
GAAGGAAGAATAACCCT,0.53907
CAAAATCATACGAATGT,0.09769
ACTAAGTACGTAACACA,0.02141
AGAGGCGAGGGGATATT,0.72264
ATCCAAGTAACGTCGCC,0.09108
TCAAACGTGTCCGACGA,0.00103
GGCTAAATTTACGTTTG,0.01417
GTGGGAGAGGGGATACT,0.74848
TTGAACTGAACAACTTC,0.03761
ACCGGGAGACAAAAACC,0.57025
GTTAATTTGGTTTCACC,0.03914
CCACCGATCCTCAAAAC,0.00796
GTAGGTGGGCAGATTAA,0.19304
CGAGACTTTGCATGAAG,0.1808
AAAACAGGCTTCCTGGG,0.05679
TACCGAAGCTTTATGAT,0.13499
CGTTCAGGAGCCAATAC,0.45455
GCAGAGAATCCCTTACC,0.10453
ACAGTCCTGGCATCAAA,0.04522
ACCATCCAACTTCAACT,0.00691
TTTATACATATTCAAAC,0.01447
AGTAGAAGAAAAAACTT,0.39447
ACGAATTTAGTAGCACG,0.05498
ACAAAAGGGTTCGGAAG,0.13302
GATCTACAATTTCAACG,0.01951
GCGCTTCGAACCCAATA,0.13154
TTATCTGGGAGCTTCAT,0.3129
CGAACACCGTCCAAATC,0.04947
TACCACAAGCTTGACAG,0.00774
GTATCTGAGTAATCGAC,0.09042
TTTGATAACACCACTAT,0.02527
ATATAACCCCGTTGGCG,0.01048
GTCATAAAGAATTTGGA,0.02357
CAGACCATTATTGGTAT,0.00527
TTGTATGAAGACATATC,0.08863
CATATACCAAGAATCAC,0.10327
GTAACTCTACGAAACCT,0.0
TGTACCTAAAAGTATCT,0.15021
AGAGGACTTTCCTAGAG,0.40007
ACTCTTAAGAGAAAGGT,0.06258
ATATCTGGTCTCAGAAA,0.05036
TTTGTTGTCATTAAAGC,0.0
AAGGGACCTCGCCCGAA,0.05166
TAATCATAGCCAAACCG,0.05931
CACGGAGGAGTCTAGAA,0.5223
GTTTAGCAACTGGTCCG,0.00224
GCCACGAATATGGAAGG,0.01679
GACACAACGCTAAGCAA,0.05457
GAGACTTCCTATAGATC,0.10193
GAGTACAACCCGTAATC,0.04577
TACATGACTGGATCTCG,0.00434
GACTATGAGATCCGGAC,0.02891
TACACTCAACAAATCCA,0.00865
TAAAACCCACCCCGTTT,0.0193
GACTGCCGCAATAGTAC,0.0
GATGGAGAGGAGATTCT,0.83278
AGCGCGGCCGTTTCAAA,0.02786
GAGCGCGAACAATGAGA,0.21086
CTTTGGGGAGCGTACTT,0.65752
GGGTGTAAAGACACATT,0.3544
TTAGCTGAGACAAATTC,0.35664
TTACCGATTTGGTAATC,0.01535
GTAGACTTATAGAGGTA,0.0
GAAAGAGAGGGGTTATT,0.843
TAGAATTCTCACACTTA,0.0
GAAGTGATTAGTATAGC,0.2241
CGTCTATGCTGAAGACA,0.35039
GTGAGTACAACTATAAG,0.31952
CATTCCGTAAAATTGAC,0.01783
GATCCTACTTTATGCCA,0.02011
TTTTAATCGGAAGCTGG,0.0306
GTACGCCACAAAGACAT,0.04973
ATCTATTAGGAAGATGG,0.16367
TTATGTTACTGTCTAGG,0.40759
AACCCTAGGTATGCTCC,0.0609
ACTTTTAAGAGGACTCA,0.43185
CTAAGATTAACACCGCG,0.02483
ACCACGTCTAACCCAAT,0.06578
ATAGGGAGACCATAATC,0.76342
GTATCAGTCAGAAGCGA,0.01523
CCAAGAAACCAAACACG,0.06925
CGAGGAGTGGGGGTTCT,0.52913
ATAAGAGGGAAATGCCC,0.65122
GCAAAATATCAGACCCT,0.03943
GACGATGCATGACGGCA,0.02958
GTATTAACTTGATTTGC,0.10214
TGGTTAAGCATACCCCA,0.11432
GGGCAGGTTTATTTAAT,0.40777
AACGTGCAACGATAGAT,0.09625
TTATGTGAAACGAAAGA,0.10591
TTGACAAAGCTAAGTGT,0.11346
TGTGACGATAGGAGGGA,0.01841
TGCCCCTGGAAGCTGAT,0.23503
ATTGGATCACACCCAAC,0.07179
CAGAACATATTTCACTT,0.14362
CCCAAGTGTAGGATTAC,0.13504
AAGCGGATCCCGAACAC,0.14464
TGGAGCGAAGGCTAGTC,0.41564
AAGATGGCGTTACCTGG,0.06416
GGTAGGGAGGGGTTACT,0.84574
GCGACTTGATATCCCGA,0.00854
AGATCTGAGAACAAGTC,0.36638
AAATTTGACTCCACAGC,0.02627
CAAGAAGAAAGCAAACT,0.37982
CATGAATACCTATGGCA,0.0586
GACGCAGAATCGCGCAG,0.01285
ACAGGTAATGTGGAGTC,0.26118
ACGAGGGGGCGAAAACT,0.57979
TGCCACGGCCAATGCAA,0.07296
ATAGGGGAAGCCAAACT,0.67167
GAACATAATTGTGGACC,0.06265
ACTAATATGTCCACAAT,0.10679
CACTCAGAAGCCAAGAC,0.08776
ACCGACATAGCTAAGGC,0.02295
TAATTCTAGTCCGCTAT,0.01426
CGAAGCGGGGAGATTCT,0.63731
TACAAACGTATTTGACG,0.00842
TCTGCGACATCCTCATA,0.00313
ATAGGGGTGGAGATTTT,0.54516
GACAGAAGACCAAACTT,0.21635
TTGTATATAATAGTTTT,0.10838
AACACTGGAGCAAAACC,0.34369
CCATCAGAAAAGTTACC,0.16198
ATACGATGTCCCTAGCA,0.22436
AACACAGGAACCATGCT,0.45822
ACGAGAGCTGCAACTAG,0.0296
TCAGCGGAGGGAAACCT,0.6233
GCCAAATTACCAACCTA,0.00317
AGCCGTCTCATTTTAGC,0.03538
TGGTACGAATAACTTAG,0.06668
TAGTCAGGGAACTAATT,0.3902
GAACTTGATAACACACC,0.01224
AGTAAAGATATAACGAG,0.15503
CGAGGCGAGGAGATATT,0.80391
GAATGAGCCGCCTGAGG,0.01651
AGTAGGGGGGAGGTTTT,0.7649
CTCGAACATCTATAGCA,0.01422
CTCGAGCCAACTAAGGA,0.00338
GGGTAGAAACATCCAAG,0.03961
GCCAGGAGACAAACACC,0.51509
CGACAATTAATATTTCC,0.07097
GACGGCAATACCCAGGA,0.01997
TTAGATGCATTTACTAG,0.0157
TGTACAGTCTTACAAAC,0.20365
TGACCAATGGGATATGA,0.1916
AAAGCGCGTGATTATTT,0.16391
CAGCTTAAACTGTTAGA,0.03014
ATCAAGGCCTTACAAAA,0.11108
AAACCGTCTGCAACACC,0.0
CGATAATCGCGGTTGAA,0.0085
CTTAGAGCAGGACAGAG,0.24174
ACTAGTTAAATCTGGGG,0.00058
CTCGCGAAGAGACATAT,0.21519
TGGCAATATCGTAAGGA,0.00811
CGGGGTATTGCAAGGAA,0.07422
ATGTTCACAATGTCAGA,0.07325
CTTACCTGCCATCGTAG,0.00784
CAGCATTGACCAATTAT,0.09233
ATCGTAAGAGTGATGTA,0.01721
AAGCGGAACTGCCATTA,0.00401
AATACCGAGCGGATTGG,0.01041
CCAGCTTGATGAATTCA,0.02396
AATAGAAGAGAATTACT,0.46478
CACGCAGAGGGCAACCC,0.49655
ACACGTTAACGCGTCAA,0.35438
CGAGATGGTTGCAAGAT,0.03082
GTTAATTCATATTGACT,0.09093
CCGACAAGAACTCAAAG,0.0696
TAATCAAGGCAGAAGCC,0.0024
AGTTCTACTATGTAGGG,0.00125
ACTACAGGGAACTATCT,0.48829
ATCGAACCGGAACAGCA,0.02757
CGCCACCGAGAAACAGC,0.11573
ATCTACAGATTAACTGA,0.28946
TAGATCGAATCGATACT,0.19092
AAGACCCTCACACTGCA,0.01085
GAGCTTGGCTAATAATT,0.01812
AAACTACTGAAACCCAC,0.08406
TTGAAAACTCACAGAAG,0.06011
TCAAGCTATGAGTACCG,0.02796
GGCATTATGTTTAATTC,0.0483
TAATAGTATCATGATCC,0.0285
GGTATCTAAGGAATGAG,0.37614
GATGAGCAGGACAGATT,0.37061
GTAAGCGTGGAGTTACT,0.45099
CCACCATAAAAACTGTC,0.07521
AGAACACTACCACAGGG,0.00748
TATTACTATGACCTTTA,0.0
CTAAAACGCAGTTTTAT,0.04973
ACCTTCCTCCCTAAGAG,0.00872
AATCCCGAAGATCGGAG,0.0
CTTAATGATTTGGGTTT,0.05314
CTAAAGAAGTGTCCAGT,0.08196
GACGGTTATACACACGT,0.13239
GGGATCCAGAAAGAAGG,0.14541
ACTTGGAAACACGACAT,0.39454
GACTGTATTAACAAACC,0.02447
TCATAGGAAAGAATCCC,0.40625
GAACCTAAGGTCCGAGT,0.11824
GTGCACCAGCAGAAAAG,0.01103
CCAACTGAGAGCATAAT,0.24048
AGAATTACGGGCGCCCA,0.04679
AGTTGTGTGCACTTCAA,0.01154
TGAAAAGCGTAGGTAAC,0.01
ACGTTCATCAACACGGA,0.00165
GGATCACGTAACAAAGG,0.04753
GCGTCCCCAAACATATG,0.06006
ATAAGAAGAAAATTCCT,0.30597
TTTGACACCCTATGGTA,0.00098
ATGAGGAGAATCACGGA,0.4766
GCTGAACATAGTTACTA,0.00155
TCCTCTGATATTAACTA,0.0
GCAAAATGTCGTAGGTC,0.02773
ACCACACACCAATGACC,0.08158
ACCGGAGGACCAACCTC,0.52227
AGGAACCATTAAGACGA,0.15416
TCCGGTGAAAAAAACCC,0.20182
AGGTTGACTATAAGTGA,0.07388
AGAGGGGGATAGGCTAA,0.0
CGCGCGCCAATAAGTAC,0.01973
ACATAGGCTCAATCGAA,0.06853
GGGCGTGGATACGTAAA,0.32254
AAGATGTGATAGCACGT,0.20736
TATCAAGCGCACCAAAG,0.02459
CTTCCAAGAACAATTCA,0.00582
ACGATCCCAGAAACGCT,0.02898
AAAGAGACTGAGGGTGA,0.2582
ACTATACTGGGACGAGG,0.10582
GAAGCCCGTATGAGCAA,0.00856
TGACTAAGATGGCAATG,0.26342
ACGAACCTCACGAGAGG,0.0029
ATTGGATGAGTGCGTGT,0.42443
GCCGGAGGGACATGCCT,0.00238
AAAGAGACCCCACAGGG,0.047
AGCAAAGGGACGAATTC,0.43558
CAAGTGCTGTAATCAAG,0.06333
TTTTTGTTGTCATCGAG,0.0
GACAGAAGAAGAACCCC,0.41603
AAATAAGAAGGCTATCC,0.40434
GGAAGACCGACAAATCA,0.13688
CTCGCGGAGGACAAGAC,0.64351
AGGAAAACTTGGCGTCG,0.17045
AACATCGATAGTTATTC,0.07238
TACAATACTGTAGAACG,0.05919
GGCTAAGAATCCATTCT,0.06115
CGGAGTGGGGAGTTATT,0.48591
TCCTTCTTAAACAACCC,0.01664
TTGTTTTGTGGTGATAA,0.01174
CCACGAACACAATTGAA,0.08143
CCTAGCTAATTGCGAGT,0.07543
AACCGTAGAACAGTTGC,0.06143
GAAGACTTGTCCATATC,0.02586
AAACAACGGCTTGCTCA,0.0
CACGCTGAATACAATTT,0.09449
AGAGACTAACTAGGGAT,0.22736
CCGACTGGAAGTATGAC,0.16387
TCCACAATGCGCCTGAA,0.00592
ATGTATTTGTAGAACCA,0.04359
CAGAAATTTGCAAGGCT,0.10535
TAAATTTAGGCGGGTTA,0.3881
CGTACTAATTAATTCCT,0.12346
TGAACGATCCACAAAGG,0.10347
GAGAACAGCAGTGAGTC,0.07441
TGACTAGAACCCCTACT,0.30655
TATCCAAGTAAAGGTCC,0.05093
ATACTGCAAACCTATCG,0.0093
AACGCATTAGAGAAAGG,0.02616
GTTTCAGAACTTTAACA,0.02944
ACAAGCGCCCGAGGATG,0.01717
ACACGCAACGAATGACT,0.12228
ATCAATGAAGACAACTC,0.09646
AACTAGGGGGTAATTTA,0.59939
TAGAGAGTTATAGGTTG,0.16475
TCAGGGGAAGGCTTAAC,0.43088
CCCGCCAGACATAGGTA,0.01055
ATCAAATGGCTACCACG,0.34855
ATACGGGGGCTACAAAA,0.45264
TAAAGAGGGGCATTACC,0.60096
TGGGCCTTTGGCCTTAA,0.18894
AACGAACTAGGCTAGTG,0.03483
CCAACTGGAACCAAATT,0.32841
TGACACGATTCTTCTGT,0.00189
CATCCTAAAGAGATCCA,0.04145
TTTGGAAGAGACTGAGA,0.36552
CTGAGCTACGCTATGTG,0.0
TCTAAAGGAAGCTAATT,0.48538
AGAGTTCACGTTGGATA,0.0
CTCGGGAGAGTCTTCAA,0.46382
ATTAGGGGAACATACCC,0.47183
TGATAATAACCCTACGG,0.05787
CATCAAACAGGAAGAGA,0.13909
TAAGAGTCCAGTTGACT,0.14791
AGAGGGGGACCATGCCT,0.83073
ATCAGACAACATTCTAT,0.02619
CTGGAAAACAATCGTTG,0.05082
GACAGAGGAGCATGCTT,0.52851
GAGAGACAAAGGAGGGA,0.05895
AGATGGAGAGCAGAACC,0.62786
ATACTTACATGTCCACG,0.09278
CTGTCAACGGGGCCAAA,0.11821
TACGCAAAGTAACCATG,0.12495
AACGCCATGTTATGACA,0.10542
GTAGCAATCGATTGACT,0.09722
ACTGACTAGGAATCACT,0.39275
AGACGACAATGGGACAT,0.33841
AACTCTATGGCGTAATT,0.31369
TTTTTTACAAACATCTC,0.03212
TATATTTAATCACTTCC,0.04354
ACCGAGGACAAGGCTCC,0.20696
GGAGAACGATACGGCGC,0.30477
ACACTACCTAGATCAAT,0.0
TATAGGGGGGCGTAGAA,0.51852
TAGGAAATCGTAAGCCG,0.36177
CGGAACGGTAAACAAGG,0.10267
ATGAGAAGGCGAAACTC,0.53621
ACGGGCCGGGCGGAAAA,0.03089
TTGACAGAGGAAATCCC,0.49394
TAAACGTGTCACGGGTC,0.02403
AGAGGCGGGGGGATACT,0.74103
TAACAAGACCCAGTGTT,0.03102
ATCGGAAGAAAATACTT,0.45236
AGAGCGGCGTAACGGAG,0.04386
CGACATACATCGTAGCT,0.06085
GGGTCTGATTATTACAG,0.09562
GCAGTGACATCCTCAGT,0.00402
CGTCACTGCCCAAACTC,0.1742
TCAATGTCATAGTGATG,0.05916
ACGGCTACGACTTCCAT,0.05721
GTAAGGAGACGATTACC,0.55299
CTCGAAGGAGCATAATT,0.6323
ACGCAAGTATCAAAGGC,0.05067
ACATAAGAAAACAAGTT,0.28709
TGCCAGATACCACAGCT,0.0745
AATCTTGCCTAGCGGGG,0.0
ATAACAGTCCGGAGGTT,0.0
AACACAGAAACCTTCCT,0.10106
ACCGAGGAAGGGTTACC,0.53743
TGCATGGATGAAACAGA,0.18899
AAACTTTGGTGGAAAAG,0.28305
CATATTATTAAGGACAG,0.06157
TCACCCCTACCAGAAAA,0.00186
CCAGCAGGAAGAATCCC,0.40169
CGCAGGGGAAAATACCC,0.1132
CCCGGTGAAACATAAAT,0.26355
GAGAACCCGTTGTCGAA,0.0193
CTAACGGGGGACATCTC,0.53103
TAAGGCGTAGCCCATTA,0.26327
TCACTATAGTAACTCTC,0.07742
ATCATCAATAGAGTCGC,0.214
ATCATACTACCTAAGTC,0.04916
GTTACAGGTGATATACA,0.23869
ACAGGGGGACAAAACTC,0.76849
GCCTACGCTAAGAATTT,0.00667
TCTCCGTCGACAAAAGT,0.009
ACACCATCCATCCCTGA,0.0
CTTATTTTTAAGGATCC,0.06231
AAAAGAAGACAATCCTT,0.27879
CGCTCGTGATGCATAAA,0.05331
TTAAAAGAAACGAACCC,0.19621
AATCCATCCCCGTAACA,0.0011
CCCCTTGGATTCCGTAA,0.07095
AAAAGGGGAGTAAACCC,0.6847
CTGTGATACAGAATGGC,0.2307
ATAGGAAGGTCAAACTT,0.60215
ACCAATTTATGCAATCT,0.2897
CGAACCGACCGATAATA,0.20278
AGGAGTTTCATATATCT,0.48904
CACCCCACAACTACAGT,0.01834
AGTACAGAAAACTTTAT,0.41868
AAAAGTGAGGGGGTACT,0.83469
ATTTTCCGAATCACAAT,0.0122
ACCACCACCCATAGGAA,0.00144
CTAACTGAGGAATTGCT,0.00094
TCTCATATTAATGCACT,0.01259
AAATCGTGCAACTAAAC,0.37747
CCAATATGCCACCATAT,0.35513
AGTTTTACGTCATGTGA,0.00152
CCTATAGAAAGGAATCT,0.07915
ACTTCACAAAACTGAAG,0.00305
TTAAACTCATGCTTATT,0.21268
TTAGCCATGTCTGCCAA,0.01717
CTATATCAAAGCAAGAA,0.05286
GCAAGCACAAACCCTGT,0.02287
TACCCCATATTCGTTGA,0.00559
AGAAATCATATGTAGTT,0.1032
GTTAATTCCAGCTGAAG,0.02092
ACCAGAGGGTTATAACC,0.46348
GGAAAACTGCCACAAGC,0.05194
ACAAAGTAAATCATCAC,0.1275
ACCATAAGGTACCAATG,0.3222
CCGCAAAGAAGACACTA,0.02545
GCCCAGTATTGTTTCAT,0.08959
AAAGTCGACCCGGCAAC,0.00665
AGTGCTTACACTAGCGT,0.03697
ACATAGACAACTCGAAC,0.05222
AATCGGTTGCCATAGTG,0.00296
TAAGCCTAATTACTTCT,0.13253
AATTGCCACAGAAGCAC,0.17972
GAAGAGCCTTAACACAA,0.08298
CGCTGAGTATATCGGAA,0.01139
CAGAAGTGTTACAGACC,0.28221
ATGGCAAATTGTCTCTG,0.16473
ATAAGAAGGACAAAACT,0.56337
CGGATACTCAAGCATCA,0.04087
ATGATATCTCCTGTTCG,0.10233
AGTCTAGTTGCTTTAAG,0.04352
ACATCTTTCTGCTAGAG,0.00733
AATGGGTAACGTGGCTG,0.02042
GATAGGGGAACAACATC,0.46905
GGTACTGAGATAAAACG,0.39288
AGTTGCTCATACTTCGA,0.0065
ACATTCACTTTACACAA,0.00721
ACTGAAAGAGAGAAGAG,0.45421
GAAAGCTTAATTACGCG,0.17186
ACACGGATATGTTGCAA,0.06173
AAGATGCAGCCTGGCCG,0.01195
CGAGGAGTGGAGGTATT,0.62163
AAGAGGGAGGGGATACT,0.89255
CTCGAGGAAAACATTCC,0.4103
GCCATATATTTCTAATA,0.01689
CTCAAGTTCGAAAACTG,0.04078
CGTAGCGAGGAGTTATT,0.80983
TCACTGAGTCCCCTTTA,0.00745
GATACTTTAGAGTAGGT,0.0534
CTCTTAGAACCCACACA,0.02153
AATTACCAAGGGGACAG,0.3742
GTAAGCACCCTACAAAG,0.00145
GAAGACGAGGAAGCACT,0.49989
GCACTACGGAATTCTCA,0.05613
GTCACGTAACGTCATAG,0.00924
TAGTGTCAAGTTCCAAG,0.14193
GCCATATAATTCCACGT,0.01867
GGTCCCGTGATATCTAA,0.03618
GGATTACTCGCTTGAAG,0.23677
GACACGGCATAATTCAG,0.01284
AATAGAAGGTCATAACC,0.4624
TGAATGCCCGCCTGAAA,0.31568
TACATGAATGACCACCT,0.11777
CCCGAAGAAACCATGCT,0.3425
TCGTACACACACCAAAC,0.06817
GGCAACTCCGGGAAGAA,0.02231
AAACTATCCGGCGGTAC,0.0
CTTACTAGGTGAGTTCA,0.24138
CCCTGTACAGATGGCAC,0.04901
ATAGAGTTGAGTAGTGG,0.15003
AGAAAGGAAAGCAAAAT,0.47542
CTATATTATAACCCTTA,0.0048
CAACTGACCGTAATGGT,0.00514
CTTAACCAAGATACATC,0.07389
TACAATGGCCTCAAACT,0.20512
TTTTACGCACGATAATC,0.05965
GTTTAACTGTACCTTAA,0.0034
ATATATATCTGACTCTT,0.18439
TAGAAAGCCTGAAGATC,0.0
TAACGGTCGATTCAACA,0.09292
GATTAAATATCTGCGTG,0.00402
GGAAGAAGATCAAGACT,0.39848
CCACGCATGTACAATAA,0.00986
GCTGAAACGGATGACTT,0.09583
ATTTGTCCTGACAACGA,0.0106
CCTTGACAGGAGATCCC,0.45894
TTGTTCAATAGGCGTAT,0.07297
AGAAGAGAGTGGATATG,0.485
AGTGGAAGATCAAACCC,0.44165
ATCAGAGGACTGAGTGT,0.39218
ACCAGGGGACAAAACCT,0.48688
ACCAGAAGAAAAAGCCC,0.26238
ACTAAATCACATGTTCA,0.03288
AGGTTAAGGTTTCTTTG,0.28055
GCAGTCACCTTTTGTTC,0.00253
ACCTACAAAATTGTTGA,0.01471
CCTCCGTTGAATAACAC,0.00662
ATCTCTCCGTTAAAGCA,0.10252
GAGTCCGTGAAGAAGCC,0.27038
ATGTAACGATATTGACC,0.0791
ATAAAGCGATTCATCCC,0.12296
CGGCGGAGAAATGGGAC,0.56891
TGTAGAACACGATTTCG,0.05307
TTGGAGATGGTTGATAC,0.50773
ACACACGCCGTATTACG,0.02021
AAACGCCCAAACAGGTT,0.00676
TCAGGACTGAGACGGTA,0.07312
CGAAGAAGTGTTATAGC,0.23198
GTAATCATGTGTATACA,0.07471
CCAGCACTTAGCGAATT,0.06041
GGATCAAGTATACCTCA,0.03969
ATCATGGCAATAGATAC,0.21007
GATACTGATACATTGAT,0.2543
ACTAGGCCATGTAACAG,0.0928
CGGAGTGAGGAGTTTTT,0.61826
ACATCAATATGACAGCC,0.18694
GGCGATTTTTAACGTAA,0.10902
AACGGACCTCGAACCGA,0.034
TTCATCGGCACAAAAGG,0.0181
ACGGGGGGGACATAATT,0.74349
ATGACAACGGATATTCT,0.33503
GCTCATGTGGCACATAA,0.01062
ACATGAGGAGCCTTGCC,0.56785
GGAAACCGCCACTTCAT,0.1126
TATAACTCGATGACCAG,0.00052
ACCGACTCTGGAAGAAT,0.12949
AGTTGGCGGAAGAGGTA,0.00189
TTCCATGTATTTAGTCA,0.0
AACCGAAGCCTTAGTTC,0.03834
GACACATATATACTACC,0.00305
AATGGAGGAACAACCCC,0.78227
GTAGGCGAGGAGATTCT,0.64314
CAAACGAACAGTTGTTG,0.0163
TGAGCAAGCTGTCTGAA,0.10526
TCAGGAGAAACCATCAT,0.68584
AACGGAAGAGTAAGCCT,0.33576
CAGAGGGAGGGGGTACT,0.89966
CCAACACCGAGGTAGAT,0.37283
CAAAGGGAGGAGGTACT,0.91124
TACACTGAAGCATACAC,0.09785
AGAAGCGGGGGGATATT,0.80362
TAACCGATAGATTCATT,0.24211
ACAGCGTGTTTAGAAGA,0.19806
ACCACGAGGGTATGACC,0.52285
GACACAACAGAGAGGAA,0.11352
AAGAAGAGCACGTTAGA,0.01715
AAACACGCCACGAATGG,0.00055
CCATGTGGAACAATTAC,0.39212
CCCAAAATTGGTGCACA,0.02663
CTCGACGCTAAGATTAG,0.01533
GCGTAAACGATGAACGA,0.07423
TTCAACCTTTGTCACAA,0.0
TTACACTTCAGTCCAAA,0.0
CCGAATTGAGGAATTTA,0.35336
TCCAGAAATAAAGTAGC,0.03676
TTCACATTACCGTAACT,0.0
TGACAAGGCTACCAGAG,0.01232
TGTACATACGAACCACA,0.16757
AAGCGACTATTTCTGAT,0.15549
AACAGAAGAAGATGCCT,0.423
CCCGCAGGAGAAATCTC,0.5047
TTGGTTCATTTCTAGAT,0.00574
ACGCAATTAGATCCGGG,0.0
AAAGGGGAGGAGGTATT,0.77177
ATACCAAATTCACAGCC,0.03772
TGAGGTTACTAATTAAG,0.46202
CTGAGCGGGGGGATACT,0.78391
CCCAAAATCTAGTGCCA,0.0115
CAGAGCATCAAATTGTC,0.02133
AATATGGGAGTCCGTGG,0.46314
CAGACCCAAAGGAATTC,0.16694
CAAATCCACAAGCTTCA,0.01392
ATTAGCGCCTCACCAAT,0.03367
CAAACAGCACGTAGGAA,0.03117
TATATGGAGAACCACAG,0.50053
AATTCTATGAGGACCCT,0.48656
CTGAATCTTTCATAGTA,0.00395
ACTACCCGATTAGCTCG,0.00273
TATAGATACCTGAACCG,0.06696
CGGGGCGAGGGGATATT,0.50617
TAATCTAGTACCAAATG,0.05072
GACAGAGGATGATACTT,0.66248
ACTGGAAGGCCATACTT,0.46645
CAGTTAACTACATGTGT,0.18183
AGCATGTTTTTTTACCG,0.09986
ACTCGCAGATATTCGCA,0.01192
CATGGGGTGGAGTTTTT,0.48847
ACCGGTACGCAGAAAAC,0.03993
TAACAACCCTCGCGTCA,0.07797
AAAGCAGGAACGATATC,0.4273
CGGTACGAAATAGGGGA,0.03043
AGAAATCGTAGTCTTCC,0.03622
ATCAAGATGGAGGCGTC,0.63877
CTTAAATTACCTTTGTC,0.05894
TATTTCTCTTTAACATT,0.04574
ACATATGCTTCCTATAG,0.00311
AACGCAACGGACTCAGA,0.0397
CGGATCTGAAAAGCACC,0.1045
CGTACTATGGAAAGACG,0.10289
GGCATCGCAAACATATT,0.00106
CAGAACAACGGACAGAG,0.03147
CAAAGTTAGAACTCGTC,0.03861
GCCTGGCTCACTAGAAA,0.00621
CAAGGGCTTGACACAAG,0.07551
AAGAAGGGAAAAATTAT,0.4976
TTAACACGCAGTCTACC,0.01603
CTTAAAGAAAGCTTTAC,0.09008
GGCGGGAGAATATGATC,0.50872
AGAAATGATTCATTGAT,0.03327
TACTCGTATACCATGAG,0.00138
AATTACACCGTTGCCGT,0.00689
GCCCGACCATATCCTAA,0.03668
TCGAAGGACCATAAGAG,0.40338
TATTGCAACTCCGAATG,0.03367
AGGGTAGATCGCGGACT,0.34282
GATACTTGTATGACGAT,0.13586
AGGAGCCGTATGAACGT,0.22326
TAACGAGAGCACTCCTC,0.14045
GACTACTTCTGACGCAC,0.01167
GAACGTAACCGGCTTAT,0.00071
ACAGTGGGCCCCAAGGA,0.09008
GTAGAGTTGGTGAAGGG,0.08248
CAACTAATGTCAACGGA,0.00266
GCTCAGAAACAATTGTC,0.03272
ACGAAACAGTCGCTGCT,0.04635
ACTAAAGAGAACATCAT,0.4128
AATCGCGAATCCGCAAG,0.03438
GTTGCAATTCCATTCAA,0.00766
TTGAACCACGGCAACAT,0.0084
CGTGAGCAGTCAAACTT,0.27127
TGCAACTCCAACATATC,0.0982
CGCTAAGAAAGCTACTC,0.0977
CATTTAGGCCGCAACGA,0.01718
ATGCCTGCACCGCATTA,0.00162
ATTGTAACTGGTTGTCA,0.01814
AGAGCTGGAATTGCGAA,0.10281
TGCAGTGAGAGCTATTT,0.37272
GATCGCGTGCTTTCCTA,0.11395
TCAGGGGTTTACCATAT,0.35002
TCTAGAGAAAGATTGAC,0.22758
CGAGCAAATACCTAACT,0.18075
CCCCTCAGAAACACAAT,0.05374
CAAGATCTCTCTAAGGA,0.00233
CTTCCGTATAGTAAAGG,0.01891
GACAGGAGAAAAAGACT,0.58845
CCATTATGTTTCATCAT,0.3233
TGCGTACAAGTCAACCT,0.22863
CCAAACATTGTGAGTAG,0.04869
ACGAAAACGACACTACG,0.0701
GCGGTAAGTTATTACAG,0.11889
GCATCGAACAAGATTCA,0.09884
ATGGACTGTGAACGTGA,0.20349
ACAAATGGACGCGAGAC,0.22347
CATCAATTCACGGAAGA,0.30804
CCACAACCGTCAAATCA,0.00732
TTGGGGAACACAAGGAC,0.45584
CTTAGTGGGGGGGTTCT,0.71495
GATGCAAACTAGCGCGA,0.00854
CAAGCACAACGACACAC,0.06291
GCAGGAGCAAGGACATA,0.43315
ATGATCTGCATACCCTA,0.02001
GCCACCTTAACTCCTTA,0.0
CTCCAACCTATCACATT,0.07737
TCGGTATATAGATGGGA,0.05774
GCTTTTCTTCATCCCAG,0.0
TCAAAACAGTGCATGCC,0.12043
TCTGCATTCCAAACAAG,0.00221
ATTCATTCCCTAGATTG,0.00052
AGAGAATTCATGCCCGC,0.08556
AGTATCTGCAGCATCAA,0.0
CTGCATAGAATACGTTC,0.0271
GGAGTCTTGCCGGGGTA,0.07505
TTGAAACCATAGAGTCC,0.03495
CTGAAATATACACATCT,0.09391
ATCTACCAAGACGAGGA,0.08675
GAGTGGCAACAGGAGTG,0.01096
GCTAAAGCAATTGGAGA,0.00532
GAAGGATTACATATATT,0.452
TAAGAGTGGACAATTTT,0.42164
CCCTATGGAAACTACTT,0.421
CAATTGTGCGCGATATA,0.04455
ATTATCCCCATCTACCT,0.04742
TAGGCAACCATCGCGAA,0.0
TACGGGTAAGAGCCGGA,0.03563
CCATAGGAGACCAACAC,0.65356
TAAGGTCCTGGATGGGA,0.05557
TAATATGTAAAGGCGCC,0.23242
GATAGCAAAGAGTACGG,0.17026
AACGTATGTCCACAGTG,0.0925
TGTTCAAAGCAAAGCGG,0.05386
CCGCAACAGAAACCGGA,0.00197
AAGTGGCTACAAGCTTA,0.10239
CCACTAAGCCACTCCTT,0.05152
ATTCAAGACGGCGTGAC,0.01457
CGCTTCTTATAAGGCGT,0.02205
GTTAGCGAGGGGATTTT,0.72499
CGGATCATTAACGTTCT,0.06795
CGTGAACTATTTGCATT,0.07948
TGCGACATAACTATCAA,0.1421
TAGTAAATGACAGCTAG,0.00449
TACAAATCCACTTGTTG,0.00577
TGACAGACCCGCCTAAG,0.01887
ATGTTGGAAAGTGAGCC,0.52114
GAGATCTCCAAGTTACT,0.0
CCCAGGGAAACATAATT,0.43513
GACAAACCTGCTTGTTA,0.00122
AAAAGGAGATAATAACC,0.66036
TTATGCGAAGATAGATG,0.22762
TCCAAGGGAGAATAAAC,0.61261
CAAGGCTACTAGAAATC,0.45189
ACGATGCAGTATGTTGC,0.01822
CTCAGGTCAATACACTG,0.15411
CCGCAAGATTAAACTTG,0.02899
ACGGGGAGACTAATCCT,0.52374
GTACGCAAAACCCCGGA,0.00286
TGAAGAGTGGGGATACC,0.53869
GCTAATCTATGTATCAA,0.06254
ACGAGGAAAGGGAGTCG,0.52241
ACACCACCAAGAACGCT,0.06608
CGATAGCAGTGAAGAGA,0.16495
TAGCAAGTAGTGAGGCA,0.0
TGCTATATAGTTTTGGA,0.03017
AACCTCGCTTGGAACTA,0.0
GTTGGATTGGATGCAAG,0.07125
TCTGCTAACAAGTCACG,0.00433
TTCTAAGAAGCCTACCC,0.00294
TGAACCACAACCCCACA,0.12441
ATCAAAGTGGACGCGCT,0.24864
TGGCCTCATACGAAACA,0.04055
CACCGATTTACTCTAAA,0.00482
GTGCGATAAAACCTTAT,0.07907
AGGGGCAATAGAGGGAA,0.3326
AGCAAGAAAATCCGATG,0.0769
GAGATGGAAATCGGGCA,0.024
CAGAGAGGGAGAATAAC,0.60016
TGAGAATGCAATCATCG,0.30947
CGGGGACATTTTGTTAT,0.42629
CATACCAGCTAACTTAA,0.0
AAACTGACCCTCAGGAC,0.01797
CGGCGGAATAAGCAGTT,0.37681
TAACAGGAATGGGAAGG,0.45982
CAAGGTGGGGAGGTACT,0.50315
TGGCAAGACCTGACAAT,0.11679
AAGATTCGATGTGTTTT,0.20632
AGAGGAAGGACATTCCC,0.49709
AACCGTTTACGCAAAAG,0.02216
TCCTAGGACAATTACCG,0.25212
AGAGCAAAGGGCACGAA,0.26994
AAGACTACTTAACACAT,0.15929
AACGACTGGATTACCCA,0.05993
ACCTCTTGAAGCTGACC,0.09906
ATCAAACGTTCCCGGCC,0.00309
TCTCAGAGCATTTTATA,0.0015
TACACTAAGGATCGTGC,0.44004
TAATCGGGGCACAATCT,0.36198
AGACCCTTAGAAATCCT,0.14796
ACTTACTCTGACACATA,0.00553
ATAAGAAGGGCAAACCC,0.49391
GCAAAAGCCGGTATAAG,0.12461
CATGGCGTGGGGGTTTT,0.52886
CCACCTAAATACCTCTT,0.07612
CTTGTACTCAAAGACAA,0.11484
CAAACTTGCCAGAAACA,0.01191
ATTCTGCAAAGACGGAC,0.01142
TGACAAAGCCTGTAGCC,0.12935
CCAGTTAATGGCAAACT,0.16131
GACGACAAAGAGGGATC,0.26748
GAGGTGAAACAGACGCA,0.52148
GAGGGTGAGGGCTTATA,0.4113
GAATCTAAATCTACGTT,0.0159
ATAACGTGACTTGAGCT,0.04837
CTCCAAAATAGCTACAG,0.02882
AACAGAAGGCAATGCCC,0.45144
TTAGAAGAAACAAAGAT,0.31388
TCCCCCAAGTACAAGGA,0.0
CTAACTTACACCAGAGG,0.0
TTGTCGGAAGGCTACCC,0.4092
ATAAGCGCCACTCAGCA,0.01722
GCTACACCAATAATAGT,0.05756
ACGAGTGTTTCGCTCAA,0.03543
ATAGCATGACTTTGACT,0.42509
TAGATACGTTTGCTTGA,0.01822
AGGATTAGTCTGGTGAC,0.0256
CTTGGAGTGGAGTTTCT,0.53282
TCACAAGGTACAGACGA,0.01352
ATGCCAAGAACAACTTC,0.19681
TTCTAGATTGCCAACTA,0.0
AGTTTCGAAACGCATTG,0.0368
GAATGCTTTTGTAGATT,0.02452
GTTACCTCGTACAGTCA,0.01118
AGAACGAGATTTGAGAG,0.35161
GGTCAAATGGGAACGTA,0.01514
TGCACAACAGAATTCAA,0.11609
CGCCTATACAACATACA,0.02209
CTAGAAGGGACATATTT,0.53561
GGGCTGGAATGCTCAAA,0.02042
GTACAACCCTCGGATAT,0.08012
ACGGGCTTCCTAAATCC,0.12074
AATTTCACAGGTCCATA,0.00819
TTAAACCCACACGGCTA,0.0
ACCAGTGAGGGAAACCC,0.51288
TAGAGAGTCAAGCGAAC,0.4692
TACGAGCGCTACCCGTA,0.0
AAATCTGTTGGTCGTTG,0.0079
GTTACCCACAGCTAGCA,0.01324
GGTGGAGGGGGGTTACT,0.65829
GGGGGGGGGAAATCCCC,0.36451
TCATTGTCGAATACTGA,0.02289
AGATGCAACGCAGTTTT,0.27769
GGTTTACTAAAGCAGTT,0.21548
TGATATCACCTACATCA,0.06047
AATCTGTCACAAGCAGT,0.04458
GATTGACATTCCTTTTA,0.0
CATGGGGTGGGGGTTCT,0.4542
AAATTTGGCACGGTCTA,0.00531
GTGACTAGTGATGTCAT,0.03065
ACGCAACATTTCGTTAT,0.02371
TAGGGGTACCGCGATAA,0.26964
GCGACCAGGCATCTGTA,0.0
GTGGGTGTGGAGATTCT,0.46457
AGCCTTAATTATGTGGC,0.00941
TGGGCATGGCAGTTTCA,0.1706
GATCTCATTGTTAATAC,0.0
ATCTCAGGAACGAAACT,0.4734
ATCTCGTCGACCCGTAA,0.0744
TATGAAACCACCGCTAC,0.02407
TAAACCCGGAATTGGCA,0.03042
GAGCATCGACGCCATAA,0.00082
TACCAATAGGTGATACC,0.41251
GCATGACATACCAAACC,0.22362
AGGATCCCTATGAAAGA,0.10865
CCAGACGAATTCTAGAC,0.00131
AGCGGTAATGTTGAGCG,0.14402
AGTGCTTGCGTTACTGA,0.0
CGGGCGTATGCGTTAAT,0.11137
ACTGAGATTCAACAATT,0.37219
ACCAATGGAACATAGTT,0.40811
GCGGAAGCCGTACAGCG,0.12074
TTTCCGAACATACACAG,0.0265
ACAGGGCACGATTCTGA,0.08239
CTAGAAAAGACAAATAT,0.24711
TACGTATTTTCACTCAT,0.07376
GTACTGGACATCTCACA,0.02698
GGCATTAAGCCCTATAT,0.0293
AGCTTATGCTTGAAGTC,0.35139
GATAGAAGACTAACCCC,0.32584
CATTGCTAGACTTCCTT,0.11861
ACTAGAAGAATAACCCC,0.15169
CTATCTGTGGATGTAAT,0.22309
CATAATGAGAGATAATC,0.54406
TCTGACGACCACACCCC,0.02053
GAAGGTAGATTGTGAAC,0.40684
CATACGATTATGCACCC,0.06497
GATGGGGGGGAGATTCT,0.742
AACCTGGTCTGCAAGGA,0.00271
CGCAATGGGAAGAAGAT,0.48866
TTTCACTGTTAACCTAA,0.08072
TCAACGCAAGAACTGAG,0.08488
TACTAGGTTCGCACCTA,0.0
TAAACTGAAGCCAAAAT,0.143
CGAGACGCACAGAAGAA,0.0657
TACAACACTTCTGCATT,0.0
ATTTACGTTGCGCCAGT,0.00409
ATTAGGAGATGATTCCC,0.67986
AGAAGAAGAATAACCCT,0.40432
GAGAGCGAGGAGTTTTT,0.60314
AGCAGGAGATCAACCCC,0.63418
ACGTGACTATGGAACCA,0.40225
GTGTAAGACTATGAACT,0.07254
CATAAGACGTTCGTAAC,0.01515
AAGCCCGCTTGACATTA,0.00077
TATGGTCGGTACGAAAC,0.14454
TCAAATCATCCTAAGGC,0.01044
AAGCCCATGAACGTAAT,0.13016
TAACGTACGCGATGTGG,0.3287
GAAGGCGTGGGGGTTCT,0.58739
AGGACCCGTAAAGGGAC,0.09412
TACAGAAAGGGGAACAG,0.53552
CCTGAAGAGACCATTAT,0.47607
TTCAATATCAGCTAGTC,0.00396
TCCGAAATCGCAAACAG,0.00488
GTCAGATCTGAAAAGGA,0.00119
AACTGGTGAGAATGACG,0.173
GCAGAACAAGGAACATA,0.11972
GAGGGGAGATTAAAACC,0.73507
GGATGATTCGCCTACTT,0.25829
TAATTCGAAGTTGGCAT,0.04438
TTCAATGAAAGCAACCT,0.0
TTTACAAATACAACCTG,0.00097
AAGACAGCTTCAAAGCG,0.03373
GCAGGGGGATCATTATT,0.60474
CGGTATGTAACTGATCC,0.07991
TTACATGGAAATCGCAC,0.30453
CTACCGTCGAATATAGG,0.10127
AATGGAGGGTGATTACC,0.87302
CTAGAACGTATACAGTA,0.00248
ACAGGAAGAAAATAACT,0.51653
GAACCTCCGCTTCTAAA,0.01483
AAATCATTCCGGAGCAT,0.00155
ATGACAGAATAACGGCT,0.00387
AAAAAAGAAAAGTTAAC,0.11002
CTATAATCACTATACGC,0.10853
TCCAAAACACAAATTCA,0.06209
TAACGCAGCAAGACACG,0.05792
TGTGACAGCGTGTACAA,0.04238
GGCTAGGTCCAGGGTGT,0.02342
GGAAAAACTTAGGGTGT,0.09333
ACACTAAAAGCACTCCG,0.06012
CGCACACAAATAGGCGC,0.01563
ATTGATAATCAAGAAAT,0.13411
GATATTCCTGGTTTAAT,0.19053
AAGGCGGGAAGCTAGTT,0.11987
CAGTAAAGCTTCTGTTC,0.03037
CCTGAAGGACGAATGAC,0.03926
GGATATAGGGTAAGGTT,0.40513
AGGAGCGAGGGGATATT,0.7372
ACATTTAACGAAAATAC,0.1067
AGCTATAGCAAACACGT,0.09148
GAGAACGTGCCGTACAA,0.02658
CTCAAAGAGAACTACAT,0.41553
AAAGGGCCCCGACATTA,0.09646
ATCAGAAGCTTAACCGG,0.00237
ATTGGGGTGGAGATTCT,0.52212
CAACAGTAGGTTTTACA,0.20135
ATATGAGAAAACAAGTT,0.56418
GACGGACTGAAGAATGT,0.10673
ACCAAGCCAGCACGAAG,0.00166
AGATTCAGTGGATTCAA,0.078
CAGTTTCGTTAAATCTA,0.0158
CTGCTAAACAGTTAATT,0.07773
ATGACAGAGAAAAAGTC,0.41464
GAATTTGACATCGTTGC,0.00204
ACATGACTAAGGTACGC,0.39281
ACGCAATAAGCTACTCG,0.01933
CCTTCAGCCGCCTCGCC,0.02937
AGTATGTATCCGGCTTT,0.01864
AGAGTTTGATCTCAATT,0.20118
GACTATACAGGTCGTGA,0.00944
GATCCACGCTTGAATAC,0.02069
ACTACCGCTGGGAAAAG,0.03522
GAAGAGCGCTTTACAGC,0.08549
GTAGACATATCTTCACA,0.00483
TAGCCGTATTCCTATGA,0.00098
GCTTCAAACTCATTCAC,0.00139
TACCCGCATGGGGAAAT,0.06888
ACAGCAAACCCTTACCC,0.05442
CCATAGCAAAACGCCTG,0.03751
TTCACATAATGAGAGAT,0.03521
ACAGCCCAGCACAAAAT,0.02998
TAGACAACAAGTACATC,0.08771
TGCGGAGAAAGCTTGAC,0.51183
CAATCTGAGACCAATTC,0.26972
TTCGCATTGTTAAGCAT,0.03588
GAAAGCCACCAGTCCAA,0.01181
CTAGCTCAATCGCTAAA,0.00148
ACACAGCGACAAAAGAG,0.14025
CCTAAATGCTGTTATGT,0.206
TACAGAGTGAGAGTGCA,0.34905
ATGAAGGAAAACAAAAC,0.51287
AATCAGGGTTCGTTTCT,0.0
GCGCTAAATAGGGAACA,0.03924
CGTAAGAATCGATAGCT,0.16561
TCACGAAGCGACAGTAT,0.15221
GAAAGCCATTGGTTTTG,0.01223
TCGTCTGGAACAAACAC,0.11719
CAACCGAAGACCCAATT,0.08617
CAGGGTGTGGAGATACT,0.5154
GACTCAACTCATAATCA,0.00064
TCTGAATCGAGATTGAC,0.09262
TAGGCAACATAGTTATA,0.02553
AAGGGCTACAGAACACT,0.44917
CCAGACTAATCGCCTGA,0.0
ATAGTGAGCCTATAATG,0.41361
CCAGGTAGAATGTTCAA,0.18036
AAGCAGGGCTGATATGT,0.12124
TCCGAGGAAGAAAAACC,0.45031
TTGAACGCCAAAACGCG,0.06804
CGTGGGGAGGGGGTTCT,0.73143
GTCAGAAGATCATCATT,0.21879
TCTTTACCTCCTGGTGT,0.00212
CTACTTTCAGGATGGAA,0.06222
AACAGAGGACGAACACT,0.54335
CGATCTGAGACCTATAC,0.20587
TCAACATCAGGCAACAC,0.00592
AGTAGAGGGTCAACGGG,0.37163
ATGCAAATGCACCACGG,0.00841
TGGTAAAGTATAGCTAT,0.36899
TATAACGGGGAAGGGTC,0.43403
CGACTACGCCCAAATAG,0.00082
AAATGAGGAACAATCAT,0.73085
CGTTAAACACAGCCGCT,0.11472
GAGTTCACCGCTATATA,0.0
ATTTTGATGTAACCAGT,0.02554
CAGAGCGGGGAGTTATT,0.53276
CAACAACCTAACAACTT,0.02337
ACTGACGAGCGGTCAAA,0.00474
CACCATACCCGCCCAAA,0.0
TGCTAGGCTCGCCCCGA,0.00127
AGCGACTGAATTCTGAA,0.11929
TAGTGTTTTGTAGAGTC,0.17318
TCTAATAAGCCGTTCAC,0.02703
ACATAACAACGTACGAT,0.11648
AGGTGGAATATCTATGC,0.09838
CGACGCAAATGGTCCAA,0.0
ATGAACCTGTAGTTTTA,0.00812
CCGAAAGAAAAATTATC,0.21692
CAAAGCGTGGAGATACT,0.57904
ATCGATTGACAGATAAG,0.11626
CCCTAAGAGGCCATAAC,0.42982
TGTTCAGTAGCTGATGT,0.01171
TGGCGACAAGCAAAAAC,0.19101
TCCAAATGCCGGCAGTA,0.00494
ACTGATGAAGCAAAAAC,0.09569
GAGCAGGGCGTTAACAA,0.1979
AACAGAGGAATAATACC,0.01322
TTATAGTACAGGTCACC,0.15361
TTTGTCCTATAGCAATA,0.00119
TTGGCTACTTATCTTAT,0.12223
ACCAGAGGACCAACCCT,0.55691
AACCAGAAGCGAATCGA,0.00945
GACAGAGGGTGAACATT,0.5593
TAACGGCATGACACGTG,0.01889
TCGCGTATGACATAAGG,0.02179
CTATTAGTGAGAAAGAG,0.36484
TTGTAATGCCACATTGG,0.03496
TATATGTGTTGCCATAT,0.13851
ACGCTTAACACCCTCTT,0.0155
CGGCTACAGCATAAACT,0.08749
TCAGCAATGAACCGCGT,0.01283
TAATCTGCGAGTGAGCA,0.13656
CCTACAAACCAAAACGC,0.02734
TCAAATGAGACCTTGCT,0.36632
ACCAGCAGAACAGGCTA,0.0007
TTTTTGACCTTAAACTT,0.13272
GATCTAACACCGCAAGA,0.0009
CCCTTGGTGTAGGAATA,0.03807
ATTAGAGGATTATCACT,0.72717
ATTCTACTGACAGTGCA,0.00898
ATCAACACGATTCTACC,0.07366
CACAGAGGTTGTTTTAT,0.49039
TAATCTTAGTGGTGTCC,0.0918
ACCGTCGCACATCATAA,0.0
GCCGGAAGGGAAATACC,0.46233
GATAGGGAGGAGATATT,0.96009
TTTGAAAGAACGTTGTC,0.11119
AAGTGCTATGTTCTAGA,0.13921
GTGTTTAGGGGCGTGAA,0.42681
TCCAATGGAACCTACCC,0.18781
AAGGGAAGAGTATTCTC,0.45634
CTTAGTGGGGGGATATT,0.74569
AAGTTAGTTCTGAGACT,0.10367
GCGCAACTCTTTTAATT,0.02459
CCGTTAACGCCGCGTAT,0.00488
ATGGGAAGACGATCACT,0.44581
GACCCGAGGAAGAGTTA,0.36797
CCGAAGCCTATGTAGTA,0.00262
ATACAGAGCATGCCAAT,0.20004
CACTTGAAAACTACTAG,0.06003
CATCGAAGAGCTTAAAT,0.09474
TAACTCACGTAATCACA,0.03912
GAGGTAGGGATGGCGCA,0.47767
ACGTATGACCCGGCCAA,0.01004
TAAGATGTTTGCCAGAT,0.01644
GATAGCTTAAAGCACAG,0.03901
GAAGTTACTCAAGGTCA,0.0
TGAGGTACGCACAGGTG,0.07496
CACACAGAAAGCTTACC,0.08899
ATGTTGCGGTCTAAGGA,0.02628
TGATTACGAGACCAGCA,0.0
CAACCTGCTGTATTGCA,0.00693
CGGAAAGGAACAATTCC,0.40774
CGTCTAACATGTATTGG,0.02716
TCACCGATACAAAAGTG,0.0072
AAGAGAGGGTAATGCCC,0.61451
AACATGAACCGTGTCAG,0.04439
ATGACCAGGGCTCATTT,0.0
CAAAGAGTGGGGGTTTT,0.71624
ATAACAAGCCGCGCGGG,0.00202
TAAGCGCCACAAGAGCG,0.02612
CGAACGGGAACAAACTC,0.39601
ACCGACACGACCGCACC,0.02477
ATTGGTGGGATCAACAT,0.20846
TAATCAGGTACGCTTTG,0.096
AGCTATTAACACAGTGT,0.10784
GAACAGCTAGTGGAAGG,0.01971
GCGGCAACTCAGGCGCA,0.0004
GCTCACAACTTAGGTCA,0.02723
TAGAGCAGGATGGTAAG,0.38191
ACTAGAGGAAAAACCCT,0.55944
GAACTTACGTACGGCGA,0.00117
ATTCTTGATAACGGACG,0.00777
AAGTACGAACCAACCAC,0.0428
ACCAACGCGAAGAAGGG,0.00422
GTATCAAGATGCTCAGT,0.03619
GATAGTGATGCAGAACC,0.10463
AATACTCTAATCTTGCT,0.14067
CTCTCTAAATTGTGATG,0.09957
TATTGAGAGGCGTACCT,0.61666
GTCGTACCAAAGGGGAT,0.06732
CAACGACAGCATTGAAT,0.01302
GTTATTCCGCAATCTGA,0.0
CTCACAGAGGAAAAGCC,0.49569
TGCGCGGAGGACAATTT,0.68929
CGCACGAAGAACTAAAG,0.06917
TAACGCGTAGATACCGC,0.11143
AACGAAGGGACCTTCCC,0.468
ATAGGAAGACTATCCTC,0.43505
GAAACCTAGAACTTCCA,0.02319
CAGGGTAATCAGACCGT,0.36696
AATAATTAGGTGGTTCG,0.09514
TACGATACTACTTGTTT,0.13931
TTGTTCTTTGGGTTTAA,0.0
TAGTTATCCTGAAAGTC,0.09643
AACGTCCCAGTTATAGA,0.00342
AACAGGGTAGACGAACC,0.28995
AGCGGAGGACCAAGACC,0.68904
CCAAATACCTCAGGTTC,0.0018
CACAGAAGTCCGGATAA,0.00433
TGCATACCCATGCAAAA,0.01537
TTCTAAGACAAGTTAGG,0.0
AGCACTAACTAGAATGG,0.00542
GATAGATGAGTCACGCC,0.26998
TACACTTAATCAAACCG,0.042
CGGAGCGTGGAGATTTT,0.50354
TAGAACAGGCCACGACT,0.30465
ATTACAGGAAACTTACC,0.46066
TTGAGAGAAAATCTTCC,0.3583
GGCATGAACTAGCACGT,0.06137
TGCGATCCTGAAAACTG,0.03427
TGAATTAAGCCACTCAT,0.10245
TCCTAGATACTTGCCAT,0.0743
CTGTCAGAAGACATACT,0.20058
ACACTGATAGTAGATCC,0.0991
GTATTAACGCATGATTG,0.00957
ATGGACGCTGTAACTGA,0.21852
GTTGGAGAGGAGTTACT,0.72774
CTCAAGACAAGAACTAG,0.0517
CGGGGGGAGGAGGTATT,0.65364
ATAGATCCACTATGCCG,0.17031
TGGGATGCATATATACC,0.40392
CTGAAGGGAGCCAATAC,0.54229
TTTCTACTATCGATCAA,0.00299
ATGTGACGGCTAATTCT,0.21455
ACAGGGAGACGAACATC,0.51934
GTTGAACTCAGATGGAA,0.05119
CCTTACTCATATTATCT,0.1394
TATCAAGCGTTTCCAAC,0.01636
TAGAACCGTCATAACAA,0.02624
ACTTTAACTTATGTCAC,0.06458
ACATCTTTTAGTTCTCC,0.03055
GCAAATTGTGTTACGTG,0.01891
ACCAGGAGACCAACCCC,0.53542
CGACAAAAGGAGAAGTG,0.47514
CTGAGGTGCAAGTAGAA,0.45937
TACCAATGAAACATTTC,0.41242
AGAGTGCGTTAGCACAA,0.02553
TATCAGATAGTGCTTAT,0.03475
ATAATGAAAACTGCATA,0.01038
TAGCGTAATCAACAAAA,0.04356
ATGGGCGGGGGGGTTCT,0.52322
GTCTAATAATGGTACAC,0.07412
ATGTTTACTATCAAAGT,0.13332
CAGTAGATGCCTAATTA,0.01274
ATGAGAAGACGATGACT,0.40292
ATTACCGAAAGAGAAAG,0.15506
TGACGCGATGATGAAGG,0.0111
TCAATCAGTGGATTCTC,0.21862
GGCGACACAGATAACAT,0.04829
GCACCTCAAAACGTGAC,0.00932
ACCCACAAAACAGAGCG,0.0
TTCGCCACCGCGCAAGA,0.0
CCAGACGTGATCAATCA,0.00805
CGTCCCCCAGAATTCCG,0.00766
GCCGCATGATGGTAGTT,0.05492
TTGTACTCTTAGATGGA,0.0702
GAACTCTCGAATGACGA,0.00449
ACTCCTCAACCCACAAA,0.0
ACCAATGGGAAATACTT,0.45292
ACCTATCGGCATACAAC,0.0972
GCACAGTGTTTTTCACA,0.03416
AGACTTAGAACAGCCGA,0.03903
ATCTATGGGAAGAAACC,0.4321
AAAGTTGTGGGTCACAT,0.26167
TGGAACATCATCCGCCT,0.28413
CGTCGGGTCTTAGTTAA,0.09051
CTTACTGTAATTGTGCA,0.04044
ACTGAGGAGAACAACAC,0.84741
AACTCGAGCGTGAGCCA,0.1242
TACCGGCAACATTATCA,0.0063
GGAAAGTTTGAGCCTAT,0.16212
GAGTATCAGAAGACTGC,0.02167
GCCGCCAGCATAACGAA,0.00485
ATGTCCAGCAACCAACA,0.0969
GATACAGCTGAGGGATA,0.00215
CGGAGAGTGGAGTTACT,0.54562
GCGCCACATCCGCAAGA,0.0
CATACCCCAAAACCAAA,0.0154
CACGTAAGATTCCCACA,0.06324
TCACATCGTAACACATT,0.02602
AGAAAAGAGAGAAAATC,0.5151
GAAGGACAAGTGCGGGT,0.42538
CCCCAATGTCAAATAGG,0.24351
ACTTGAGAAAGGTTAAC,0.18179
ATAAGGCATGGTGGGAA,0.2254
CAAGCCGGACCGTAATT,0.02407
GTAGGAACGACACTAAT,0.40166
TACGATACTCATACCAC,0.05272
AGACCAGAATCGTCGCA,0.0
CAGATGTCCACTAGTAT,0.11097
AGTAATCAGCCTCAAGG,0.01955
AAACGACGTTGTCCCTA,0.00137
GCGAGGATGACGGAAAG,0.46352
CCCGGGGCACAAATTCC,0.20652
AATAGAGGGTTATAACT,0.75651
ACAAGGGGACCAATCCC,0.5149
AACCGTACTTCGGACCG,0.0137
AGGTTGTTACTGATCTA,0.02202
GCAATCCAAGGTCGTAA,0.01887
CCGAGAAGCACATTGAG,0.17443
TACAGTAGATTAGTGGC,0.12826
ATACAGCCACGTGTGTA,0.0
TTAAGGCAACAATGGGC,0.12981
AATTCAACACCATTCGT,0.0211
TGAGTAGCTTAAGTTAA,0.09075
AATAGGAGGGAATGCCC,0.98682
ACCAGGAGAGAATGCTC,0.5235
AGTGGAGGAGCATCCCC,0.54849
TGGGAACTACCTGAGAA,0.30404
CTACAAGCCACACATCT,0.03688
TCGGAACCCGACAAGAC,0.1127
GACTTTGATACCTCAAT,0.01145
CAGACCGGGCGCCAGCC,0.20065
GGGTACAGCTGCCCAAA,0.01253
TTCGAAGCCTTTTCAAA,0.00118
ACCAAACTGATTGGGCA,0.00933
GCTAGACGAGCGGAATA,0.03684
TGCCTTGACATGAAACG,0.08495
TCTTATGAAGACAACTC,0.09824
GTTGGCGTGGAGGTACT,0.5834
AGCACCTAGAAACGGCT,0.00307
GGCAGCCAGAGGAAGAT,0.0017
CTTAGCGAGGAGGTACT,0.93283
GCACATGGTTAAGTTTT,0.09587
CCCTCAGGGACATTATC,0.26332
CTAATCAACTGGAGCAC,0.00126
GAGATCACTCGAAGTAG,0.06148
GTGGCTAACAGAGAGTA,0.00104
GGCAATAGTGCAACGAC,0.02759
CTAAACAAATAACAAAG,0.07087
GATTAGCGGCAAAGTCC,0.06786
AGACCTCAATACCGAAG,0.05367
CAGATGTAGGTATAGGT,0.2205
TTATGAAGACCAAAGAT,0.44181
TCTGTGCAAACTCCAGA,0.14389
TCCGTAAGTTCAGATTC,0.0195
TCCAGAACTTTTAATTT,0.03928
GGCCGACGAGAAAAGGT,0.09154
GCTTTACAAGGCAATAT,0.15172
CAAAAAACTAGGACTCT,0.03429
CGCTGAAAAGCGCTAAC,0.00587
TGAAGGCAATGACCTAG,0.29525
ATATTGCCGATTAAAGG,0.03269
AGAGTAACCTTAGGCGA,0.0
GATGGCAAAGGGATTCC,0.19224
TTTAGCAGTTACTTCGA,0.00417
CAACTGCAATTTGAACA,0.00646
TGGTGTAGCGGTCATTG,0.06227
ACTCAATGAGCACCTAT,0.3103
TATGATGCAACATCTAA,0.00116
TAATCCCGGACTTGCAC,0.03112
AAGCGATAGAAGAGCCA,0.07339
CGGAGCTGTAAATTTGG,0.04974
ATATCTCACACAGAGAC,0.01541
ATAAGAAGATTAAACCT,0.3918
CGCCTAGGCAGCTATAG,0.03974
GAGCAAAATGTTGAGGG,0.01163
ACAGTGCGGTCCGTAAC,0.02154
AAGACTGATGCCCATGT,0.04552
ACAGGAAGGCTAACCCT,0.4829
TAACCCACAGGAAGGCT,0.38315
TATAAGTTGTGGTACGG,0.08272
GCCGACCCCAGTATGCA,0.0
AGCTGACTTAACATCAT,0.00514
CCCTCGGAGAGGATCAT,0.43697
ATCCCACACGAAAAAAG,0.0
GACATTAGCCATGATTG,0.0
ATAAAAGTATAGTATTG,0.052
ACCACACTGCAAGATGT,0.0184
AATCAACCTATATCACT,0.17806
TGGTCGTCGTCTGGCGA,0.00646
ATAGACCAGGCTAACTA,0.0
ACAACCAGCTGTTGGTG,0.00766
GCCATCCGGTTAACACG,0.00585
CCCAAAGGGGAGATCTT,0.46499
CACCTAAGCACACAAAC,0.03203
GTGCAGTACCAAAGGTG,0.0
TGGAAAGGAACTACCCT,0.49505
AGAATTCTGACACGTAC,0.004
TAACCGCCACAAGGGAA,0.00289
TGTGTCCAATATAAGCT,0.12332
AACACACATCCAATGCC,0.01703
GAAGGGAAATTGTGACG,0.43249
ACAAATCACATTGTAGT,0.08052
GAGTGCATAGAAGCACA,0.059
CCAACTCCAAAATCAGA,0.00776
CGCACCATAGTAAGCAA,0.02316
AAGCCCCATTAGGGAGG,0.0
CAGCCTAGTAACACTCA,0.01136
GCACTCATAATGCAAGT,0.05785
GGATCGCAGAGTGAAAG,0.07186
TTACAGCCTCTAAACTG,0.03996
ATGGGCGGGGGGTTACT,0.49123
GCCAGGAGACAAATATC,0.48325
TGTGTTTCTATGGTTAG,0.01592
TCTGTGGTATTACAGGA,0.02933
GCCCAAAGAGAGTAAAG,0.34922
ACGAGAAGACAATCCCT,0.36762
CTTATCATATAACGAGA,0.03868
TATTACGCAACCGCTAC,0.06757
TCACAAAGATTTGAGTC,0.14741
ATTGGGGGGCGATAACC,0.55073
ATGCCAAACACGCACTG,0.02528
AATTCAGCCAAACAACT,0.04674
CGGTCACTAAACGCAAT,0.11913
AGTGACACTGTTTACCA,0.03322
TATGGACTAGAGAACCT,0.1986
GATAGGAGAGGAACACC,0.0
CTCGATTCACATCACAA,0.00411
CTTTGTATTATTTCGTA,0.00103
ATCAACTGAACCTGAGG,0.01851
TCTGCCAGAAAGTCAGG,0.00143
GCAAAGCAATCGAGGCC,0.03911
CAAACCGGCATTAAACT,0.12125
GCAGGGAGGAAATGCCC,0.58108
CGATAATGCACCGGTAA,0.0
CTACATCTGGGGAAAAT,0.37799
ATCTACAAGCCCGACAC,0.02305
TCGAAGGGAAAAATGAT,0.46602
TATACCCGGGACGAGAT,0.31554
CAATGCAAGTTAAGACT,0.0
ACCATATAATCCTCTAG,0.01657
CGCTTTTACGCCACAAG,0.03242
GATGGAATTCGATCAAA,0.14099
CCACCAGCCAAACGAAT,0.04449
TGAAGCAAGACGTACCA,0.10632
CGGAAAGGAGCCGAAAC,0.4757
TATTCGAATCCGAGACT,0.09589
CTCCATACGATACACCT,0.09281
CTCATTATAATACGTCG,0.0
TGGATACCGACAAGGTC,0.06056
TGACAGGTAAGCATCTT,0.23045
GACGATTATAGTCTCCA,0.00753
CATACACAGAGACATCC,0.03086
CTTTAAGAAACCATTCC,0.07112
ATGCCAAGCCACATTAA,0.02662
GTTATCAGATTTGGAGA,0.0054
TTTACAGCTTCAGAAAA,0.0
ACTACTAACGTTATACC,0.08613
CACTAGGCTATAAACCA,0.18783
GCAGGTCACGGCTATTA,0.01424
GGCAGGGGACAAACCCC,0.17915
GTTAAGGAAGGTGGGTA,0.19897
TGAGCATTTAAAGAGAA,0.07472
GTTTTCAGGAGTTTTAC,0.50972
ATATACTGAGCCGGCGT,0.01567
AGATATTAGCGTACATA,0.02308
GTAAGTGTGGAGGTTCT,0.67323
CAAGGCTTGAACACGCA,0.1929
TAGATACTACATAAGGG,0.01851
GTACTCGGAGACATCAA,0.30154
TCCTATCTACGTGAAGA,0.34256
AACCCAGACAACAAACC,0.022
CGAACACCAGTAACCGT,0.04247
CAATCAATAGGCGTAAC,0.06457
AACTCACCCCAACCGCA,0.0
AGGGGAAAGTACCAACA,0.44634
AAAGTCGGGAATCAACG,0.20374
GTCCAATTCAGAAACCC,0.05129
TTTGACCAGCTGAAATT,0.03103
TGCGTTATTCGAAGATA,0.01374
CTCTCTGTGTCGCTAAA,0.0
TAGATGTGATGGTACCA,0.18633
AAGGGTAACGGAAGATC,0.38435
ATTGAGAGCCGGAATTT,0.21853
GTAACCACTCACTCAAC,0.02015
AATGGGGTGGAGATACT,0.58017
ATTACCCTAGTAGGTTT,0.04546
CCTAAAATGCACCACCG,0.00505
TTAATCGCCAGAGCACG,0.0011
ACGGGGGGATAATTACT,0.67584
AAGGCCTTTTGTGCGAA,0.05264
AGCAGCGGGCCTGAATA,0.094
TTTGAAGGAGACATAAC,0.71391
ATCACCACAAGAGGACG,0.03499
GCAATCATGGCTCAAGG,0.00367
TCTAGAGTTAGAAGTCA,0.215
TTGGGTGCAGTAGTGCA,0.10706
ATCTGAGAGACCAACAC,0.34056
TGCCCCCAAAGCCAGGA,0.0126
ATCAGGGGGAAATCCCC,0.31622
AAGTTGCGGCCAATACA,0.00761
TGATCTTATAACAGTGA,0.00368
TACTGTTGATTTCTACT,0.10578
CCATCCGACCTATCGAT,0.01278
CACTAACACTCTCATTG,0.00397
CGCCCTCTAACAGCAGC,0.01012
GCTTTTAATGTCGTGTG,0.0
TTAGGTTGCCGAAATTA,0.01491
ACTTAAGTTCTTATGGG,0.00115
GCAGGAGTGTGAGAAAT,0.67036
ACCGGGCTAAAATCCCG,0.00495
TCCGCCACCCACGGAAT,0.00095
GCTTCGTTTAAGATATG,0.01218
TTGTGCATAACGAAAGC,0.27778
ACTGGTTAACCTACAAA,0.08056
CATAGCGTGGGGGTATT,0.57383
ATGACATAAATTGGGTC,0.01484
TCCAATCTGGCGAGAGT,0.07068
AATGCGTAACAACACTC,0.02836
TTATCGCACACTAGTCT,0.02198
GTCAGGAGACTAAACCC,0.59913
GCAGTTGCTAACACAAT,0.00316
CCCCAAAAGCTTGATGT,0.03117
AAGGATCATGGATCACA,0.24853
TAGTCACCCAATGTAAC,0.0
GTCGGAGGATAAACCCT,0.76067
CCTACTGAGACAAATAC,0.34625
GGCCTAGAACAATTAGT,0.10327
GTAAGGGAGGAGATTCT,0.96562
CTCGCGGAAGAATTGCC,0.23704
GTGAAAGACTGTCTATG,0.16587
GCCAAGGAGTGCTTATA,0.36415
CTAATCAGCAAAACGCA,0.04626
TCGGTAACTCATCAAAA,0.0194
GCTCAAAACCCTAATTA,0.0
CTACTCACATTGGATGA,0.00287
TTGATTCGACCAAATTA,0.0
TAGATTGTGGGCGAACT,0.32567
ATAAGGAGACAAAACTC,0.87844
ACGACAATACTTACTTC,0.06847
CAGGGTGAGGAGATATT,0.58129
AGGGAAGCTGGATTAAT,0.40761
AAGGAGTTCGCCCGAAT,0.04994
ACCAACTGTGTTAGGTA,0.00383
AATCGAAGTATGCGTAC,0.10451
TCAAGAACTCCCACACA,0.01391
TCTCAGGACCCGTAAGT,0.16274
TATGGATAATTTTGTTC,0.21377
ACGAGAAGAGAATTACT,0.46894
TCGGTAAGGGAAGGTCA,0.0
TAACGAGGCACCAATGC,0.39259
TAGTAGCAACGCGTTGT,0.04335
CCAAACCATCATAAGAA,0.01374
CATACTTTGATTGTTAT,0.13212
ACCTTAATCCTCGATTG,0.0
AAGACAGCACCGAAACC,0.02905
TAACTCACAGCACACAC,0.21661
GAACCATCCAGGATCCC,0.03725
ATACCACTCGCACCAAA,0.00605
CACCAGGCTGATGGTGA,0.0
CACCCTATGAATATGGG,0.00291
TAACGGAGCCCTTTCGA,0.42309
CCGCACGGGAGAACAGG,0.53989
AGACTTAACATTCCTCG,0.00813
CACGTATAACAAGCCTC,0.04515
TGAAGATTCTTAGGGAA,0.01924
AGCTATAGAGCTAAGGG,0.00133
GGAAGAAGGCCAAGCTC,0.0358
TCTTACAGTGATACAAG,0.00072
TGTAGCTTTACCACATG,0.05004
GTTCATTCAAGACTGGA,0.0
GAGAGAGTGGAGATTCT,0.63065
CTTCAGGAATGTCAAAT,0.12857
CTAACAGCAACTCCGCC,0.02732
ACAACTGGAAAAAATCT,0.40801
TGAAAGTGGGATGTTTA,0.23959
GATTATTCAGAGTCAAA,0.01636
AATACACTCGTACGGCG,0.0
ATAAGAGCGCCAATTTA,0.0493
CCATCGCTAAAGAGAGT,0.02545
AAATCTGAAAAGAATAC,0.08648
CATGATACCAACCGCGT,0.01507
GCGCTAAACAGAGAAGT,0.0296
AACGATAATCCACGACA,0.01378
TAAAGCTGTAGCCACTG,0.01467
TGACACTCATAGACCGA,0.14765
AACAGCATTAACTTCAC,0.04994
GAGTTATATGTCATAGT,0.32353
AGTTGAACTTCTTATGA,0.00144
GAAGCAGGGACAAAGTC,0.27522
GACTATTTAAGGGACAT,0.31921
CGAAAAGAAAAGATCTC,0.1602
ATACTCTTGAGGTGATG,0.40421
ACCAGAGGAATAACCCC,0.37463
AACCCACTGAGTTCGAA,0.0
GATCGTTCCAAACACGT,0.00857
TAACACTACTCAGAGTT,0.00856
TCCCCCAAACTGAAATC,0.05281
TGTACTGCCACGAAATG,0.08192
CAATGAGGTCCAAGGTT,0.24285
TTTTAGGGTAAAATGGG,0.29584
CATAACATCATGAGAGG,0.00665
TCAGATGAAAGCAATAT,0.10342
CAGCCGACGTCTCAATA,0.0
ACTGGAAGGTAAAGACT,0.50246
GCTAGTGTATACCACCA,0.02554
TCAATTGCTGACAACTA,0.0
GACAGGGTGAGGAATAT,0.51187
CAATTGGGCGTGAGTAT,0.40862
GAATAACCTGAGCATTA,0.0
CCAATGTATGGACTGGA,0.02793
GTGAACAACGTAAACAA,0.09084
CAAATCAGATATTTCTC,0.12415
CAAAGTCCACTAATTCT,0.15487
ATTGCAGTACAATGGGC,0.0412
GGCGGGGGGTGATCATT,0.4758
CCGAGAACGTGACACTT,0.35857
CAAAGCTGCCCCTCCGA,0.0
GACTGATTACAACACCG,0.03194
GTTGGAAGAAAATACCC,0.37264
ATGAGTCTAGTTGCGGA,0.10808
AATGAGTCTCATCCTGT,0.03933
TCAAAATACGCTGGGAT,0.03873
AAAAGAAGAGCATCCCC,0.07335
ACGCGATGTTTTTAACA,0.23586
GAGTACACGACAGGAGG,0.0278
CGGACTAATTTGGTTGA,0.0018
CGAGTGATTATCAATTC,0.25189
ACGCATCCGATACACAA,0.01327
TACCATATGACCCATTA,0.05849
AATACAGTTGGTTCGAC,0.12338
AAAGGAAGATAAACCTC,0.48868
AACAACGAAGACAGACG,0.0275
ACTAGTTCATGCTGCAC,0.08056
GCCGGTAGACAATACTA,0.17723
TAAGACGCCTCATGGCA,0.01304
AAAGACGACTCGGTACA,0.0079
CTACCCTCAATTAGAAG,0.04438
TGAAAGGAGGCGATAAC,0.52504
AATGTACAGGTAAGTTC,0.34081
TTAATCGCTTATATGTT,0.07233
ATTGCTTAAGGATGAAG,0.34993
TTTCAATAAAGATGCTA,0.02805
TCCAGACCCACTATAAG,0.01207
TTCGATTTAACATTGGA,0.01645
ACCAAAGTGGCTAGGCA,0.0288
CTCAGAAATTCTCGTTT,0.01423
GTCCAAAAATTTGGGTA,0.0
TGTTGAACAGCCCTTAA,0.01195
TAGGTTGAAGGATGTCC,0.38352
CTAATTCTTTAGATCGA,0.0
CCCTATACCCGTAATTT,0.08818
GTTAGAGGGGAGTTACT,0.81565
ACACACTTCGAAGCATG,0.07773
TTCGCGGGGACCAAGTT,0.41831
ACAAGAAGATGAATATC,0.4
AATTGGTAAAGGGTACA,0.18153
TCCCCACAGGCTAAAGA,0.03483
TCCATAAGCGTACGATA,0.00135
GAGGCAGGGAAACAACA,0.4458
AGTGTGAGGACGCAGCA,0.48035
GAGCAAACCTATGCTAA,0.00137
CGGTGTGATAGTACCTG,0.07438
TCTGAGCGGATAAAGGG,0.03567
GTAATCACCACACCCAG,0.00388
ACCACTCTACAATTACA,0.01694
GAGAGGCAATACAAACA,0.41825
ACGGATACACGCGCACA,0.0365
GTAAACCAACTGTTCAC,0.00176
TGCAAAGAGATGGTAGA,0.27666
ACGTAAGCAAATAGACC,0.18657
AAAATTGCCTTCAACAA,0.0
GTAAGTGTGGGGGTATT,0.50196
GGATTACACACTATCAA,0.0604
CTATACCAGATGATCTC,0.0077
GCATGATAAAGGAGATT,0.35079
GCACCGAGGTCAAGAAG,0.25138
CACATCACCCGCAAACA,0.0012
CGATCTCAGAACACTAC,0.04325
ATGTACATTAACCTTGG,0.02188
TCCCTAACCTGAATCGA,0.01481
AATTGGTCTTACCGACA,0.06378
ACCTAGCTCCCCCTGTA,0.0
GGACAATCTCAAACACT,0.0
CCTGCAGAAGCCAACAC,0.0164
CGCACAGAAAAAATTCC,0.25266
AAGTCCCCAGACCGAAG,0.02119
TACCCCCGATTAAAGCT,0.13452
GATGGCGAATTTAGTAT,0.13618
CATCCTCCTCAACAGTC,0.36978
TGAGCTGAGGCCATCTC,0.47555
CCGACTAAACTTGGATA,0.0
CATCACACTCCAGAATA,0.0
AGTGTCGAATAATCGGC,0.17818
GAGTGGCAAAATACAAA,0.22073
GCGAAGTAAGAGTCGCA,0.01483
ATAGGGAGACGAAGACT,0.64174
CAAGGTTAGAAGCATAC,0.35677
GACAAACTAGATGCCCC,0.08917
CATCATAACCGATTGTC,0.11517
ATGAGCCTGTGTCGGGA,0.0
CCAAATGAAAGGTTTCC,0.16228
TTCGGTATAGACAGAAC,0.02841
CAGAGTGAGGGGTTATT,0.46369
CCAGCTGAGCAATAATC,0.08363
GACCCTATATACTATCT,0.01607
AGACGTACGCCCCCTTC,0.02123
ATTTGCTCAAACCGAAA,0.0337
AGACATGATAACAAGAT,0.07209
AAGCCATAGGTGGATCA,0.2398
GACAAAACGGTTATGGG,0.00162
GGGCAGTAAGGCAAGAC,0.22617
TAAGCATACGAAGATTG,0.06381
CTGAGGGAGGAGATATT,0.86358
TACCCTTCAAACTAACT,0.03607
AAACCCTCTTCTCTGAG,0.00341
CGGGTTATAGTCAAGGG,0.10644
ATTTTACTTATTCAGAT,0.07056
ACTGGGAAGTCAAGCCA,0.38
CGCGGTGAAAAAATAAT,0.37362
AGAGACGAACGGTCCGA,0.03717
TTTAATGGGACACCGCT,0.2227
GCCCCTGTGGACAAATG,0.03846
TGCCATACCTAAGAGAT,0.18625
CCAAAAGATTGAGGCAC,0.15961
GCGAAATTTAACAGCCC,0.04056
CGGGTAACAAACCAACC,0.06961
GATTGAGTAATAGGCTA,0.08377
CCAACCCTCTGATCAAG,0.02083
CTAAACGTTCGATTGCG,0.03208
AAACTGCTTGTCAACCG,0.02864
AAGAGAGGAAAATGATC,0.75225
ACCCACACCTAAACGAA,0.01116
ACCGGAGGGGCGTACTC,0.4932
AAGTACCACAAGTAGTT,0.10016
AATTCCCGATTTTTACG,0.0344
TCATCAGAACGTCAGGA,0.00378
CCACGGGAGAAGAAACA,0.50217
CCATAATCACGACGTTA,0.00056
TAGTGAGGCCATAATTC,0.00162
GGTATGACATTATCAAT,0.2615
ACTCGGATGTCAAAATC,0.00829
TTGGCAAGGTGCACAAA,0.25993
CACGCTGAAAAATACAC,0.06312
GGTATTGAGCGGGTTGA,0.01834
TTTCAGAAAATCTTCTC,0.00499
CACCCTGACACCTTACG,0.01821
AAGTGCTGATACACTAT,0.29235
GGCAGAGATTCCCACCC,0.04845
ACAGCCGTAACTGTGGA,0.00422
AGGGACAGACATCACAA,0.16505
AAAAGCGGACCCGGCAG,0.10455
CACCGAGTAGGTACGAA,0.25032
AACACGTAGATCCGTAA,0.01554
TAGGAGGAAGCATTTTT,0.53838
TCTAAACCAAATTGCAG,0.02079
ATCGGGGAAGGAAAGAC,0.47727
TCAATGCTATAAGTCGA,0.00826
GGCAAATGGATACCTCA,0.23445
TTATTGACGAAGACACT,0.05786
CTGAACGTATATCTAGA,0.05053
AGTAGCATGTACATGCG,0.0587
AGCAGGAGATAAACCCC,0.66174
CTGTTTAAGTGTAAACA,0.07476
CACTGCGCAAAACAGCA,0.01118
ATCCAAAACTACTGCTG,0.10249
CTAATGGATCAACCTAA,0.17678
AATGTGCCACGATCCTG,0.02879
AGGCGTTTAAGAGATAG,0.14328
TGATTTGTGCTGAATGT,0.09509
GTATGACGAACCCATAC,0.32403
GGCACAAGCAGAAGAAT,0.1157
AGACTATTTAGATCCGG,0.00064
TTAATTGCATTACTAGG,0.00849
GCCTTTGGAGAGAATTC,0.55444
AGACACATCCCTAGCAA,0.0
AGACAAAGTACCGGTAC,0.0
CTATTAAGCAACCTAAC,0.05036
CTAGAAGGTCACAAACA,0.37503
TAGAGTATAGGGATTTC,0.34133
TTTGGTATAACACACTT,0.24176
GAACGCCTAAAGCAGAA,0.02564
TAATAATGGCACAAGCC,0.13978
TTACAATAGTAATTACC,0.12082
AAGAACCTGGCCGTGAA,0.0073
TGTTCAAATGTCCTGAA,0.0972
ATGAGCGAGGGGTTTCT,0.65777
AAATAGGCCGAGAGCGG,0.06014
GAGTGAAGGTAAGATTC,0.42137
ATATTGTCGCTGTTATC,0.06356
GAGAGGCAGAAGCAATA,0.38964
TTATATGGAAACATCTT,0.29448
ATAATCGATGTGTCGCT,0.03097
CCTATTAGAGGATTTAC,0.36397
TGACCCACAATAACAGG,0.17444
CGTGCGGAAGACATCCC,0.12323
AAAGCACGGAGTTCCAC,0.08126
TTTCTGAATTACCAAAG,0.01972
CGGACACTGTATTACAG,0.04871
ACTAGAAGGCGAAAATT,0.49221
GGACAATAAGGGCAATT,0.0
AGTGCCAAGAGGACCAG,0.2471
AGCGAGCGGGGAGAAAG,0.52566
ATAGGCACGTTGACAAG,0.13338
CGGAAACGAGTGTTTAT,0.37106
TCTCCTGTCAAAAAACT,0.02003
AATAGACAGCTGACAGG,0.00897
GAAGAACCGGCCATTTC,0.07243
CATGAAGTCGAACCGGC,0.05602
GTACTACACAATACTGG,0.10181
TAATATCACAGTGCGTA,0.00084
CGAGGTGTGGAGTTTCT,0.52279
ATTTTGGTTCGTGTACA,0.05297
TAGTCCACAGTACCAGT,0.02019
CAAATTATGGACAACCA,0.12924
GCCAGAAGGCCAATACT,0.37398
AATGGGGGATCATAACC,0.63571
AAACACCCCACTACAGG,0.00444
ACTACGCGACCAATAAC,0.09156
CTAGAGGCTAACATAAT,0.39782
ACTCAGGAACTTTCAGG,0.28649
GTAAACCCTAAACAACG,0.01919
CGAAAATAACCTCCGGC,0.02657
ACCCCGTCATAAGTGAG,0.04222
CGCCGAACGAAGTGTTA,0.00899
ACGAGACAACTGAACGG,0.05513
GAAAGTGAGTGGATGAT,0.44867
AGCGGGGGACAAATATC,0.61302
GTACTGCATTTTAATCA,0.00218
CAGTAGCATCACGACAA,0.0
TAGCCGGTGCCAGATAT,0.08048
ACCTTGGATGAACAACC,0.10725
AAAAGAAGGAGAACACC,0.82242
GACGGTGGTAAACCTCA,0.07353
GTGAGATAGATGCGGCC,0.09861
AGTCAGACGGGATTATA,0.01914
CTACATATTCCACATGG,0.00101
GAGAGGTATCTGATGTG,0.41958
TAGACAAGGTCCTATCG,0.21911
AGAAACGGTGCATTAGC,0.34012
CCCGGATAACATCGGAT,0.00569
GTAACGTAAATCAGCCC,0.07079
TGTAGTCTAATCAACCC,0.05853
ATGCCTAACAAAGATCC,0.16582
CATAACAACAAGTCTAG,0.00476
GGATAACGCATTAACGA,0.1626
TGTTTACTAACATCCAG,0.01948
CGTAATATCGGACAGAG,0.03954
AATACCTCGAGCGTTGC,0.05846
ACGGGTCGGGACATACT,0.37616
ATTGCCGGAACATTATG,0.09074
CTAGCAATGCCCATCCA,0.00631
CGTAGCAGAACAAAGGG,0.03047
GACGTAGAATATTAGTG,0.07367
TGCGGTAACCAAACGGT,0.00243
TATCGCTATATAGGAGG,0.00289
ATACATCCTTTTGGACA,0.00226
TGACAGGTTCAAATGCA,0.21719
CTCCAAAAACCAGGATA,0.0
TCAGGAGGGAACATAAC,0.49206
AACCAGCACATGGCACA,0.00267
GCGCTTAAAGAAGCTGA,0.01038
TGGGGAAATGGCACGGA,0.16364
CAATCGGAAACCCCGAG,0.09397
AATTAAGGCGTACTTAG,0.35393
AAGCGCAGTAGGGGTGA,0.04197
CAAGAGACGCGCTATGG,0.0
TAAGTAACGTGGGATGG,0.07374
TTAAAAGCCTTGCTCAT,0.02927
CTAAGAGAGAAATACTT,0.47665
GATGAGTAATAGTTAGG,0.33695
CAGTCAACGTGGACAAC,0.075
CCAACGAGCGAACGGAA,0.01085
ACAAATCAGGCCACAGG,0.0604
GGTTGGGGGGTTAAGTA,0.44163
CAAGTCAGCTGACACAA,0.006
ATACAACAGATCCCCAT,0.05423
GATAGGGAGGGGGTATT,0.70446
GGACATGAGACACAAGA,0.13363
GTACAACATTCAGTATT,0.01279
ATCAGGGAGTATGCTAT,0.45578
CCAACATACTCCCAAGT,0.0029
CCTTCAAATGGCAAAGT,0.01447
TTAATCCAATTGTGCCA,0.01521
AGGGACCGTAATTTAGA,0.20489
AAGTACACACTTTGTTG,0.03263
AACAGGAGACAAACATC,0.67292
TGAAGCTGGATTACGAT,0.25341
TTTAAAGAGAGGTATTC,0.52152
GACGCGCAGACTACAAT,0.03639
TTATAATCCAGAAGATC,0.04832
TAGAGGGCACCACCAAC,0.47669
CGACACTGAATCCAGCA,0.00796
TAAGATCCACAGCCAAA,0.01506
CCTGGTTTTGAAATTAG,0.09082
ACAATACCAACCTGTCT,0.03417
CTGGTACCCCTAAACCA,0.03939
ATTCGAAACCTATGAAG,0.26712
GAAGGTACTTGACTAGG,0.43581
ACCAGAAGAAGATTCTT,0.29181
ATCATAAGCTGAGGGCA,0.0602
TCAACAGTCTTGAAACC,0.06408
CGCGCTGAAGCGATTAC,0.00255
CATCATAAAGGGCGAGT,0.22028
ACGGCACAATTTACAAT,0.17017
TGCCAGGACTCAAAGTA,0.00365
AGACTTGACCGATGATA,0.0911
TCCAAAGGGACCTTTCC,0.40594
ACTGGAGGAACAATCCC,0.67273
CCCAGCTTACAAGTTCC,0.00937
GATACCAAATGTTTAGC,0.36416
GCTTGGAAATAGGACAA,0.10949
CATAGGAAGCCGACAAT,0.4085
AACAAAAGACGCACCCT,0.05622
ACTCTGTTACACAAGTG,0.00397
AACGGGAGGCCAAGCCT,0.79233
GGAGGGGAGGAGGTACT,0.77304
TGGTAAGAAAGAAAACC,0.33441
AAAGGCACAGAGTTGCC,0.02781
GGTAGAAGGGTATTCTC,0.47114
GATTTGGTCAGGAATTG,0.05903
ATGCATCGTGTCGTGAG,0.0
AGACACGGGATCTCAAG,0.16714
CATAGCGAGGAGGTACT,0.9719
CAGAATCCTGAAAGGAT,0.05543
TACAATTTGAAGCCTGG,0.00294
AGAGACCCGCAATAGTG,0.04255
AGTGTCGACCGACGCGA,0.03527
AGAGGGAGGCCAAACCC,0.72627
GATGTCGAGATCTTTGT,0.13715
CAATGGTTGATGGAGTA,0.0584
AAAAGAAGGCAAATACC,0.44962
CACACACAGTCATATTT,0.13355
CGGAGTGTGGAGTTTCT,0.51227
GAACAGCCATACCTCCT,0.0
AGGAATGAAAGCAAATT,0.42566
GCGAACTTACACCTAAC,0.10702
ACTAGAAGGTAAACATT,0.67987
CCACCCACGCAAGTAAT,0.01843
GTGAAACACAACGACAC,0.07674
GTACACATATTCTTAGA,0.0834
TGTTGGGTGAAATTGCT,0.49222
GTGAGGGTGGAGGTTCT,0.55809
AAAACTGCGACTAACAA,0.00497
CGACTACATCAATAGGA,0.00181
ATCAGAAGAACAACCTT,0.07415
GTATTCAAGCAAATGAC,0.12242
TCCTGAGAGACAATAAT,0.42902
ACGAGAGGAATATGATC,0.60924
CTGGCAATAAACTGCAT,0.05703
ACTTAATGACATTAAAG,0.31695
TGATACAGCCGACTGGA,0.01952
GCTAACGGGGAGTTGAT,0.46625
ACCACCACCGCACAAAA,0.00118
GAGGTGTGGGCAAGGGG,0.24724
TGGGCGAAAGAACAGAG,0.13938
AAGGGAAGGTAAACCCC,0.51773
TGAGCGGGGGACTAACC,0.57334
GCTGGAAGAGCAAGATC,0.32357
GACCTGTAGTATAGTGA,0.08851
AATTACACCGTCTCCAG,0.00158
AAGAGAAAGCCGGAACC,0.11139
GCGTGGCGCAGACTAAA,0.1477
TTTAAAGTAGATAAGAA,0.07921
AAGTGCAACAAGATTCG,0.13307
ACGAGAAGGATAAACCT,0.65026
GCTATACGCGAGTCACA,0.04472
ATTCACCGATAGAGCGC,0.02199
CGTAACACCCAATCACG,0.02371
TTTACATACACTGTATC,0.04677
GAACTTATCAATATCCA,0.01272
AACTCATCATTTCTTAA,0.01255
AGAATAGCGTCTGAGCA,0.11283
AGTCTATTTTATCTGGA,0.00988
AAACCGCGGGTAACTGT,0.26417
TAACTCGATTTTAACAG,0.0389
CTGCCATAGTGTATATC,0.2064
AAAAGCTGTAGCTCCTT,0.0
CGCGCAGGGACGTTCAC,0.1605
AGCGGTATCAAACTAAC,0.08613
CCAAATTGCTCACTCCA,0.03447
GCGGCTACCGACAAACA,0.01644
CCATAGTGTCAAATTGT,0.2945
TCAGGTGGAACAAAACC,0.40228
AGAGGAAGCATCCATGA,0.02017
CTGAAAGGGAACTCTGC,0.41875
TTAATATGCAGTCCGGA,0.02465
ATACTTTAGGATATCAC,0.41634
TGATCTAAATAGCGCGC,0.06566
CTAACAATCAGAGTTGA,0.0
CGACCTACTATCGCACA,0.00559
CAGTATTGTCAAGTTTA,0.0288
GAAGCCTAGAGACGGAA,0.02937
CTTTACAAACAACGCAG,0.01302
GGGAAAACGTATCGCTT,0.17203
GACATAATTCACGGTTT,0.00643
ATTCTGATAAACCATGT,0.03905
CTCCAAACTGAGCAAGA,0.02106
GCACCCTTCAAAGCAAT,0.01057
GCAGAACGACACAACAA,0.07531
GCACGATAGTGGACGAG,0.07313
AAAACCATCCTTGCCCA,0.00618
AATCCTAATACCCGACC,0.04059
CCTATGAAAAACTTTTG,0.06766
AGAGCGATGGTCATTCA,0.16517
CAACAGCTGTGCCCGTC,0.03146
ACACCTAGACTTATTTA,0.01146
ACTGGAAGAAAAAGCCT,0.41619
AAAGAACCCCAGCTTGT,0.02095
ATTTCCGAACCTGTTTA,0.00306
AACAAGGTCTACTCTAG,0.17801
ACTAACTAGTAGTCCTA,0.00398
AGCAACAGTGGACGGCG,0.00496
GGGGTGTCGATAAGCTA,0.40486
AGGGGCGAGGGGATACT,0.59564
ACTCTCGCAAAAAACCA,0.0
ACAACTTACTCACCCTC,0.01241
ACCATTGGAAGAAAGGT,0.13954
ATTAGCGTGGGGATACT,0.51984
CCTGCTAACCTATAGAA,0.00385
GAGCGGAGAAACTTGCA,0.45543
GAATAAACCCACCACCG,0.16089
AGCCGACGTGAAGACCA,0.02016
TATATACCCCCATTCGA,0.00189
GGACGCGTCGAGAGATA,0.03258
TGTTAGGAGACGAAGTT,0.68192
ACTCCACTCAAAGGGGC,0.0
ATTATAAAGGTTACTGC,0.0019
AAGTCAAGTTGAGCCAG,0.04225
CCTCTCTCACACCATCA,0.0
ATATAGAGGTCAGCGGT,0.13737
TGGTCTAGAGATAGTAC,0.2481
AGCTGCACATTTATTAG,0.002
ACATCCTAACAACACAC,0.01027
AGCCCTATCGGTTACGC,0.01321
GTATTCGTTGAACGATA,0.02341
ATCAAACACGTAGGGTT,0.05755
GGACTGATAGGAGAGAA,0.32921
TGGTCCTCGGAGATAAC,0.1145
CATTACTCACTTGGATT,0.11158
GCCCGCAGCTCGAGAAC,0.00101
AGGCGTGACAACAATTA,0.0436
GCAAACTGAAATTGGTG,0.00378
AAAAGAGTGGAGTTATT,0.50286
TACTCAGAAGCGATTAT,0.17254
CTCTAAGCCATTAAGCT,0.09646
GATCGTGAAACTAGGCA,0.12981
CCTATCCCACGTCATAA,0.00301
AAGTAATCCGCACCCAC,0.01343
TTTCCTGAGTAACAGAA,0.07057
TCTACAGAAGGATAAAT,0.35443
GCGGGAGGGGGATACTC,0.72635
ATACGCATATACTTATC,0.14244
GCCCCTTGATGCAAAAC,0.07737
GCCAGAAGATAAAAATT,0.24539
AACAATGAGAAGAAAAC,0.36333
AATTCGACTGCAGTCTT,0.03707
GGCAGTGATACCGCAAC,0.03753
TGTTGCTAGATAGTTAG,0.03028
TATATCGGTTAGAGCAG,0.06865
CCTAACGACAACCACTA,0.0083
CATACCGCGAACAAAGT,0.02169
CCAAGTAGGGAAATTTT,0.4316
AGTCAATTACGACGTCA,0.00791
AACTGAACTGCCAAGCG,0.0
ATGCACATATATTATAG,0.1083
CATACTCTACATCGCCT,0.04018
ACGGCAGTAACACGCAA,0.05066
AAAAGGTTCAGTAGGAC,0.0005
TATAGCACGCAGGAAGA,0.00663
GACACAAATTTTGGGTC,0.00163
TAGCCAGAAACCACGAC,0.03951
AGCGTGATTCAATGCAA,0.11218
CAGGTTTGGAAAACGCA,0.13977
TTTTGGTTTGATAGAGT,0.14076
GCAATATCAACTTCACG,0.00261
GCGCACAACGTCTAAAT,0.01331
CGTTGGAAAGAACTACA,0.32108
AACCAGTCACTGCTGCC,0.02423
ATTAGGGAGGAGTTTTT,0.85815
ATAATGGTAGAAGACAC,0.38871
TTAAGACACCGCATACC,0.02987
AGGCCAGTTGACCCGGA,0.0
GGATGATCTAATGTTAC,0.02416
CAGTGTGATGTCACAAA,0.05112
GTTTAATCAAATTTCGC,0.0233
ACAAAATCTTTCTTCGT,0.00765
TCTTTTTAGAGAAGCCA,0.05545
AGATAGCAAGAAAACAG,0.08246
CTTGAGGGAACCTTCAC,0.47723
TCACTTAGACAGTCAAG,0.06824
GCTGGGAGATAATCCTC,0.49042
TTACCAAAATGCCCGGA,0.01331
AACAGAGGACAATGCTT,0.70001
AACCTAATTCTAGAGAG,0.05886
GATATCCCATGTGAGTG,0.00943
ACCGATCGCTAGACGCC,0.02939
CACAAACACGATAAGGT,0.01785
ACAACTGGAAACATCAT,0.19621
ACTTGTACCATTTAACA,0.06772
GAATAGTATCCTGTGGT,0.00636
GCAAGCAATAGAATTTC,0.02387
GATGGCGAGGAGGTTTT,0.794
ACTAAAACTGCCATATA,0.00074
AAGTGACTCGGAGTTAT,0.3879
CAATAGGAGCGCGGTGG,0.3667
CCCCCGCGCCGCAAGAC,0.00099
GGGTAGACCGTTCGTAA,0.0625
AATGCCTTTATACCGGT,0.00257
ACTAACACAGAGGACGC,0.18015
ATTCATCAGCAACCGAT,0.02207
TAAACGCCACCCATATT,0.15464
TACAGGAAGACACCAAA,0.33914
GCCTCGATACGAGGTTA,0.0
AGATGCATTGATGGTCA,0.00085
CCCTATGAAGACTTACC,0.06871
AATGGGAGAAAATCCCT,0.43
TCAAGTCATCAACACGG,0.0
CTAAAACTATCGTTTTT,0.11539
TCAAAGCTAAACCAGGG,0.00513
AACGGGACACACAGAAG,0.32269
GTAAGAGCGTATTGTTC,0.30595
TCTAGATAGTATGCTAA,0.01052
CGCCTAAGTATACCGAT,0.18677
GCCCTCGTGAAAAGTCT,0.14628
GCACATTAGTCTTGAAT,0.05152
AAGTGCGATTTTGTATG,0.28273
TTGTCCATTACCGGGTC,0.00325
GAGAAAGGACCTAATGG,0.39633
AACTGCCGGCCACACAA,0.0193
CCAGAGGAATATTAGGG,0.32124
CAATTTTGGCGTTAAGT,0.19939
GCAATAGAAACCGGTCT,0.03335
GAAAGCTACGTCACGCC,0.04106
GTGCGGACGTCAAATCA,0.04328
CCACGATAAACCTAGAC,0.04564
GTAGGCGGGGAGATTCT,0.55382
AATGAGGATTACAGCAG,0.39988
GAATGTACCCGCTCGGC,0.0109
AAGTCACTGATTCTTGT,0.09857
TTACCCTTAACACGGTA,0.0
TACACATACTATATGGG,0.01169
TTGAACGATCCTGATGC,0.01697
GACCACATACTTACGAA,0.00266
ACTAGAAGGCAATTCCC,0.43246
TAATTACCCCTAATTGC,0.03955
ACTCAACGAGGCTCAAT,0.20582
ACCAAGCCAAGCGTACT,0.07886
GTAGTCACATAACAGCT,0.07561
CAAACAAACGGGAGACA,0.06266
AATACCTCACTTTGCGC,0.0425
ACACCCGGCAGGTAACC,0.07197
CGTTATAATACTTGCGT,0.09532
GTAACCGTATGTCAGAT,0.13853
AACTAAGAAAGCATGTT,0.18384
GGACAATTAGACGAGAG,0.18438
AGACCCCCGATACAATC,0.07212
AGATAAGAAACCAAAAC,0.20302
ATTCTAATCGAGTGTTG,0.03331
GCAGCACGACGGCTGAA,0.01287
ATACATAAGCCATTCAC,0.07612
AACACCCGGAACAAGCA,0.0149
TACCGTAGGTCAACGAA,0.23156
GCCAGAAGGCCAACACC,0.22633
CCATAACCCAGCATCAG,0.00048
ATTGCTCACTATAAGAA,0.03097
TTCTCTTAAGCGCTCAA,0.00469
TATCACCTACTTTACTA,0.00292
TAACGATCGAGTACCAA,0.02663
AGGAACTATCACACAGA,0.31139
GTAATGAACTCACATCG,0.02582
ACACGGTCACGAGAGAA,0.1069
AAAAGATCCGGACCACG,0.00423
AGCCAATCTGGCCAAAT,0.02771
GACACAGATGGCTTTAA,0.01252
CACAGTGACCAATCGCA,0.07126
TAATTTTGTATGCTTTT,0.0751
TGTGTGTACTCTAACAC,0.02913
TAACCCGTTGGGCTGGG,0.00455
ACAGTTGTGCCCGAACC,0.09467
CCGCACATTTCTAGCGC,0.00585
GACGAATAAGTTGGATC,0.05968
GAGACATCATGCTGAAG,0.21902
GACTATATTCATGGCTA,0.00078
AAAGTACGCACCGATCA,0.00089
GAAACGGAGTAACTTCG,0.43987
CCGGATCCAACTCGATA,0.0
GCCGCAACAATATAACT,0.01893
GAATTGATGCGATGCGC,0.3909
CCTAGATGGAATAGCGG,0.20999
CTAAGTGTGGAGGTACT,0.68089
TGATCACTAAATATCCT,0.27648
CATCTGGTACGGATGAA,0.03555
GTCTAAGAAGCGACACA,0.08705
TCATTCCCAACTAAAAG,0.0
TATCTCCATTCTCGGAT,0.0007
ACCTCCCATCCTCGCAT,0.0
ACACTATATTTCAAGGT,0.03948
CATGGTGGGGAGGTACT,0.48208
ACAAGCAAACTTGATAA,0.07066
GTGCATCGTCAAAGACT,0.00494
GACGGTAACAGAAACCG,0.03539
AAGTGCTCACACACAGA,0.10382
ATAGCGGGGGAACGATG,0.55595
TACAAAGAGAGATTCTT,0.43374
GAACACTAAGTGTGGCA,0.03116
TATTTAGATTTAGATCT,0.11068
ATCGCAAAGGGCATCGA,0.04942
AGAGGTACTGTTCTCAT,0.46288
ACGATACATCAGCGTTA,0.0
CGAAATACACCGGTGTG,0.01855
GAAAAAGATACCGTACG,0.06099
GATACCCCCTGATTAGT,0.09835
AGCAGGTAAGATGCGTA,0.03461
GATAAGCCCAAATGATC,0.11549
GTTTGAACGTGATTGGA,0.01824
TGATTTACAGTCAAGAG,0.15398
TAATAACCTGGCCCACC,0.01593
ACCGGGAGAAGAAACCC,0.5666
TCACTGAATTGACGACA,0.16318
ACGGTACAACACGTAAC,0.03985
ACCATATGAGGTCGATA,0.23508
GACTACTAACTAGATTC,0.05848
CACCAACAGAACGTTAA,0.00079
AATCTAGACCGACAGAC,0.04421
AACAGTAGACGGCATAG,0.03964
GCAATAAAGCCTACGAG,0.07729
ACAGGCTGGAATTATTG,0.30144
CATGAGAGACACCGAAT,0.40635
ATGCTCATCAGACGATA,0.00693
TGGGAATTTGGCATTAA,0.16746
CGAAGGGAAAGCTATCC,0.43001
AAGTTTTTATATACTGT,0.17383
ATACGTAGGCAGGCAGA,0.23327
CCGAGATGAAGACTTAA,0.14307
GGTGGAGGGGAGATACT,0.69791
ACATAAGAGGGAAACCC,0.64958
AAACGCCCAAAACCACG,0.02118
ATTGGGGCCAAACAAGA,0.41389
TAAATCCAGTGGCAGTT,0.35405
GACACGATCTACGGGAC,0.0
CGCTGCCTCGGAAATAG,0.00225
AGGTCTCCGCAGCACAT,0.17906
GACTAAGGACAATTTAC,0.45011
CTGAGGGTGGAGGTTCT,0.58584
GGTACACAAAACGCCTT,0.10202
CTGATGAATGTGAATGG,0.05776
GTTGGCGGGGGGTTACT,0.57766
TGCTTAGAGGCGAGACA,0.35753
AAGAATGGGGCCTATAC,0.50305
AACGGTTATGCCAACAT,0.33886
TGTGAGACAGCGTAAGA,0.14704
CACCTAAGACGTATTCT,0.18673
TGATGTCGGACTGAGGA,0.31033
TATCTCCGTTCAATTCA,0.00814
TCCGGTAAAAATCGATG,0.04845
CCCCACGAATGAGTAGC,0.05252
ACTGACCATACACGTGA,0.0153
CTATCAGGAACCTACCC,0.39542
CAAATATAGCCCTAGGT,0.05777
CCTGACACTGTACCTAA,0.01212
GGTGAACCAATACAACA,0.05345
AACCCAAATGGCAAACG,0.08888
GCTGATGCACCTGAAGT,0.0
TTAAGCTCGTGTATCCG,0.00193
TATAGTGATCAGACAAA,0.08098
CGTAAAACCTTCGTGAC,0.012
ACGTTGTTCTTAACTCA,0.00926
CTAAGAGAGGAGGTTTT,0.99094
CGACGTAATACATGTCA,0.07865
ACCGGGAGACCAACATC,0.48326
CACGAAACAGGAACCAC,0.27149
ATCAAGGCTCTATTTCG,0.10129
TGCAAAGACAGCAATTT,0.15923
CAGCGGCAAACCAATGT,0.14395
CCTCCAAAACCTACTGA,0.00246
GTGTGCAACGTGTGTGA,0.00427
TTTGTAGAGTAACTGCT,0.31222
CTCGATTCGAAACCCTT,0.06645
AACTTACTGGTCCTCAT,0.08964
GAATAGAGCCTAGATCG,0.20428
GGTAACCTTTACTAAAG,0.04904
CTGGGAGTGGGGATTCT,0.49511
ACAGGGCTAAATCTAAG,0.12072
ATTGACTATGAATCGGA,0.00338
GCGGGTATAGACGGAAA,0.19233
AGAACGACGACTGAGAG,0.05974
GGAAGTTTTGAATCAGA,0.02279
CCTAGAGGAACCAAGCC,0.51149
AGCTCTATTAGGGGAAT,0.24623
CAACGGCTAGAAGCGCA,0.0246
CTAATTAACGAACCCTA,0.0
TGTGCTTGTGAATGAAG,0.0986
ATATTCGTATGATAGGT,0.11745
AAGCTCCAAGAACATCA,0.00101
GACTTGCTGATAGAAGG,0.0182
TACACAATTTTTCACAT,0.05894
AATTATAGTCAGGTCCT,0.08527
ACGGAGGCCACACTAGA,0.49085
AGTCGTGCAATGAATTC,0.07053
TGTAGATGCAAGCAAGT,0.31146
GTCAATCCCGTGACGAA,0.0395
ATTGACGTCACGACCGT,0.05686
TCACGAGACTAGTGCAT,0.35252
ACAAGAAGACAATACCC,0.31223
GTGCCAGACGAGCTGAA,0.00168
CAGGTAAATTGGCGTAT,0.1852
CCGTCCAAGATTACAGA,0.01981
GAGCATAGACTTGGATA,0.03129
AGGGTTAAAAGTTACCC,0.15346
ACTTATAGAGGTCTACC,0.47086
AACTCTACAGTTAGTGC,0.0299
CTGACATATACAAGGAG,0.02971
CCATCATATATGTCCAT,0.05277
ACCGCTGGGGAAATCCT,0.16529
GCCGGATATATGGATAA,0.03305
ACCGGAAGAGCATTACC,0.2436
GAACCTCGACAACGTCT,0.0193
TAGAACAGTACACAGTA,0.00492
CCCCACGAAAAAACCCG,0.02388
CATCAAATGGGACAGGC,0.19745
AAGGTAGCACTATTAGC,0.25843
GCTGGAAGGTCATCATT,0.28037
AATTAAGCAACCTCATC,0.07895
AACGGGACTCAATAAGA,0.27217
GGGCCGAGGAAAGGTAT,0.40165
CATCCAAGAGTAATCAC,0.13912
ACACCGCCCGGGTTCCT,0.00341
TCGCGACTGTAGCTGGT,0.00267
GTGCCTGTATCAACAAA,0.00631
ACTAGCACGATTATCAG,0.19768
TAAAATCTGACCAGAGA,0.0
CATGCTGGTGGATAAGA,0.02321
AAGCCAAGTTAGGGCAA,0.01867
TATCTGAAAGGTGGTTG,0.05281
ATAGGAAGGGTCTGCAC,0.44416
GTGGAGACGAGTCGAAA,0.4368
TTAAAGTGATGGTTGGC,0.27652
AGCCAAAAGGTACTTTG,0.41482
CGACTGAACGTAAATTA,0.01869
AACCCTGACAGTTTCAC,0.00705
ACCAGGGTAGAAAGTGG,0.05102
ACTGCCTGAGCCTAATA,0.02114
GGGTGTAGCAAATTGTG,0.1107
CCCTGGGAAAAAATCCC,0.36344
CACGCGCAACCCAATAT,0.03057
GCTAACAAAGCCGCTAC,0.00052
CATAGTATATACAGTCC,0.00132
GGACTATCCGTGTGTAT,0.12736
CAAGCGGCATAAACACA,0.07528
CGGAAGGAGACCTAGTC,0.56413
AGAAATGGAAAGTAATT,0.44046
TACCCGAACTAGTCTCG,0.01177
AGTCAAACTAACGCATG,0.11831
ACATTCCGAAATGGCTG,0.00273
CAAATCGCAATGAGGTT,0.05871
TATTACGAAGTTAACTC,0.12304
AGAATGGCGGAATCAGC,0.41588
CAATGCCACCTGGATAG,0.02518
GTCGTTCGAACAACACG,0.0
CAAGTGCCTTATGTATT,0.12837
TAGACCCTAACGAGATG,0.10718
ATTAACCAGATTTAACG,0.02763
CTTCGGAAACCAATGGA,0.07803
TTCATAGTCTAATCCTC,0.00178
CAAAGCGGGGGGTTTTT,0.8025
CGCTGGGAAACGAATTT,0.52575
CTAACAAGGTAGTCATC,0.43413
AGGAAACTACCAGGGTC,0.00376
CCCGACTTGCACGTAAA,0.0064
CTTCCCGAAAACACGCC,0.01016
GAATCCAATCATACTCA,0.0
CCCAGTGAAGACATGTC,0.08157
AAGCCCATATCATTTTG,0.00786
ACTGACGAGGATGAAAA,0.47105
GGGTATGGAAATGCCGT,0.25896
AAGAGAAGGTTATGACC,0.43406
TATGCAGAAGGGATCCC,0.31435
CAGAACCCCTGGGACCC,0.02816
TAGAGAATACAGGCAGC,0.25108
ATCTAACACAAACTAAA,0.04238
TCACCGCTGACAGTTAA,0.0
TAGTAGTACCAACCAGG,0.00066
AATTCTCATAGGCATTG,0.11197
ACCTTGGAGGCAGTTAA,0.50259
AACGAAGGGGCGAAATT,0.51238
CCCATTAACCACAAACT,0.05155
CTCGGGGGAACCTAGCT,0.60704
AGCTGCGGAAAGTGTAA,0.11681
TCCAGACCATGAGTAAT,0.11787
CGAGATGGGGCCTACCC,0.29803
AGAGTGCTCTGTATACA,0.04984
AAGGGCCACAAAGACTT,0.44713
CAGAATACGTAACCCTA,0.01876
TTATCATCGACTGTAGT,0.02112
GGTGGGAGATAAACCTC,0.52832
CCCTAAGAAAGAAACAT,0.22835
CATGGACCTCAAATCAT,0.26757
TATAATGAAAAAAAGAC,0.09656
ACCACGCGTCACCGCCC,0.01383
GTAAGAGCAATGTCGCC,0.24668
AATGTACCGGTTTGCAC,0.0069
GAGAAAAGGGTAGATGA,0.39958
TGATAAAGCAGAACCCA,0.18174
ACCTACCACTACCCGCT,0.03535
ATTTCCAATGCGTCACC,0.00253
GCTTACAAATCCACCGG,0.00289
CACCGTCGGTACGGAAA,0.01895
GGTCTATTAAGACATGA,0.02976
GTTTACACACTTTTGAA,0.13811
GTTACTACTAACTTAGG,0.0668
CACACACCGACAAACAC,0.02211
TGGTTGACTTCAATCAA,0.04568
AATTCACTGAGAACCGG,0.01756
AAGGCTATTTCGCTATA,0.03468
ATAAGAGGAGTAAAACC,0.73059
AGCAGAAGATCATGACC,0.40796
TCTCAACACAACACCAC,0.00139
TGAAGATAAATAATCTG,0.22138
ACTCAAACACTCACCTC,0.02654
TATTTGCCCGAGTTTAT,0.07438
AGTTGTGCTACTCTATA,0.01717
CGCGCTGGAAGCAAACT,0.28685
TAGGTAGTTAATCTGCT,0.18126
GATCATACAGAACACAG,0.03923
TCTATCGCATCTAACAA,0.0
GAACACAGACACTGGGT,0.02616
CACTCAGCAGCTGCCTA,0.0
AGTAATGGCCTATGTAA,0.06624
CCAAAAGAAACAATACC,0.20355
ACCGCTTCACAAGACTA,0.0
CACTGTAGACTGACGAA,0.05083
CACCCGACTAATCATGT,0.08803
TATTTGAAGCCCCCAGT,0.04332
AGACAACCTAATGGACA,0.00123
GGGTATAAGCCATTCCA,0.08623
CAGGACTACGTAGCCCT,0.2112
TCGTACTAAAGTCTCGA,0.00866
ATACCCCCTGCTCTCCT,0.02063
TCTAAGTCAGGCTTTGA,0.02575
GAACAGATTTACCAACC,0.05172
CGAGGCGAGGGGATTCT,0.60968
AACACCCTTCGCCCGCA,0.0005
TCAGTCGGATATAGGTA,0.17332
TTGAAATGCCGTAGCGT,0.07829
AAAGCAGGAAAAAACCC,0.42871
ACTCCAAAACCTTGACT,0.12838
TGCCATCGTAATCTTGG,0.0
GGAACCGGAACAATAGT,0.39123
CCCACTAAACTATGTTT,0.24611
ATTGTCCCCACCACACC,0.01583
GCCAAACGAAATGAGAG,0.05711
TTTAAGGAAAAATATAT,0.45888
TATTAACCTGACTGATC,0.05835
CGAAGAGAAACAAATTC,0.4037
GGCTTAATTTTTGGTAT,0.03488
AAACCACTTACCGGCGT,0.01079
AACAAACCTCTAATTTT,0.08284
CACGCTTTAAATGTAGT,0.06464
TTTTTTCAGTTTTAAGT,0.09849
TAATGGCGCAGATCGGA,0.04538
CTATATCCTAGTAGGGA,0.0
AGGTACCGGATGTAAGT,0.27276
ATACATCATTGCTTCAC,0.00506
GTTACACAGACGAAAGT,0.00408
TACTCTAAATAGGGGGT,0.02726
GGAAATCAAAGCCCTTG,0.06247
GAGTTATGACCAACGGT,0.08173
AGGAGTGGGGAGTTACT,0.60874
TTATCAGAAACCAACAT,0.02011
ATCTAGTCCTTGTGACA,0.00446
TTCCAAAGCAAGTAACG,0.00568
GTAATCAGCGAAGACCC,0.07506
ATGGGCAAGAGCCATTC,0.21818
TGGGAACCGAATGATAG,0.45147
TAGATACCGCTCACTAC,0.01442
GCACGCAATAACCGTGC,0.0
GTCCAGATTAGACAATC,0.02725
CAATTACTAGGGACAGG,0.07548
GTTATTACGTGAGATTT,0.12725
ACCAGTAGACCCAATGT,0.07064
AGCCAAGACCTAACGCG,0.03936
ATGGGTAGTGGTAAAGC,0.35577
ATAACCAGGTATCATCC,0.10117
ACTGATCTAGCATGTTA,0.00478
GATTAAGACATGCCTAC,0.0137
GTGCAAGTTCCTAAAGC,0.01574
CGCGAGAACTGATCGAA,0.16285
CAAATTCTCGGCCACGA,0.0
AACCCGGGTGTTAGACG,0.09798
TAACAGAGGGGCTTTCT,0.4561
TGTCTCAGCATGTAGCA,0.02885
GAACTGGGCCGGGATAA,0.03986
TAACCTCACAACACACG,0.00871
AACGGCGGTTCTTACCG,0.09355
AAGGGAAGAATAACCTC,0.42181
CTGGCATCAAACATGGT,0.12087
GCCAGAAGGCTATTACC,0.42431
TGTTGCGGAGCCCAAAT,0.33863
GTAACCAAGAGTGGGCC,0.08835
TGAATTGACGGGGAAGA,0.14813
CAAAGAGTGGAGTTATT,0.48033
GTAGAAACGCTGACAAC,0.00829
TAAAGTCAGGGATATCC,0.30136
CTGAAAGTCAACAGGAA,0.05498
ACGAAGAGCAGTATGAC,0.13826
GAAAGAAGAACATCATT,0.23733
ATAACACGACGCAGCCG,0.0
ATCGATTGTTTTTAACT,0.00798
GCTCAGTATTGAGTAAA,0.01087
GAGCAGACCTTAACAGA,0.20905
GGCTAACTTGTATTGAG,0.07078
AACTCCCTCATACACAC,0.04017
CCTTGATTTCACAAGTT,0.244
CGGGTAAATCCGTACCC,0.0282
CTCTCAATGTATACAGG,0.03223
GTGCGCTCACAGGAAAC,0.0105
TAGACACATGGATTCAA,0.06676
GGCCTCCAATGTTCCTG,0.09953
TATTAGTTAGGTGATAA,0.27366
TCAAACGATAAGCACTC,0.04399
CCAGTTTACAAATATCT,0.12605
TTCTGAATCGCCTATGA,0.0
TACATCAGAGTCGGGAG,0.0007
TTTATTCGTCAATGTAG,0.00085
GCTAACTTCCAATAGGG,0.00131
AATCCTTGCTAGGCCCA,0.0
ATCAAGAGACGATGACT,0.41171
ATCAATGTTAAGCTTTC,0.07026
GCACCGCTGTAGCGAAA,0.0
AAGAGTGTGGAGTTTCT,0.4866
ACAAAGGCTCTTTCCGT,0.31282
GCCTCAGAGAACTATGA,0.07967
CTAACACTTGAACCTGC,0.04555
TGACGAGTTAAGTCGGA,0.01773
GTATAGACGCACGAGCC,0.00979
AACGAGGAAAGAAATTT,0.53432
TTCAGTAAGGGTACCTG,0.0
CGAAAGGGCGTCAAGCA,0.19057
ACAGTACATGTCTTAAG,0.05377
GACAATGTCCATCAAGA,0.0
ATTGGGATCCATGACCA,0.10841
AATAGAAGAAGAAACTT,0.44121
AATGGAAGAGAATCCCT,0.42992
GCCAAAGAAGTCACATT,0.12324
CTTAATAAGTCACACTG,0.02706
GTGCATCACATTAACCA,0.0
TGAATACAGGTCTTGTT,0.30438
ACAGAGAACAAACTTCC,0.32883
ACAAACCGTGTTGGTAT,0.00595
TATGCAAGCGGAGAATT,0.41127
ATACCTGGCCATGAAAG,0.06383
ACTCTTAAGAATGGCAC,0.0407
CCGTAGCAATATCAACA,0.03167
TCCAGTATAAGAAGGCA,0.00948
TAGACCGGCATGATGAT,0.12183
AAACGGCCCTCATTTTG,0.04305
CATTAAGAAGCCTTACC,0.12425
AGGGAGTGTTACCCGAT,0.51908
AGTGGATTGCCTGAGTA,0.00599
AACTGAGGAACATTGAT,0.5635
GAAGGTTTGACCAAGTG,0.29912
CGAGACCCTGTAGAGGA,0.01844
CATGGTGTGGAGGTACT,0.65883
TCGATATAGACTACGCC,0.1046
TAGAATCGCTGTAGTCT,0.02612
TCGAACGCAGATTGACA,0.02986
GATACAGAAATGAGTCC,0.13666
GTAAACAACAGACCGCC,0.01345
AATGAACCCTTCCCCCA,0.03477
TATCCACCTATACTCAT,0.09385
ACAATCGTTTAAGCGTA,0.00306
AACAAGATACCTTGCCA,0.04023
TGCTAAACGCGCCCCCA,0.08927
AGGTACATGCATACCGT,0.15116
ATATCAAACCCTATTAA,0.02305
CGCTAATATCAACCCCA,0.0
CCCAAATCACAGGCAGT,0.01401
AGAAGTATACGGCCTTA,0.00424
CTCCGGGCTGCCCAAGC,0.0091
AATTCTAGGGCGTAGGT,0.09578
CCAAAAGGAACAAAGAC,0.39868
GGAATGAACTTTCCTAT,0.15334
GTCAGGTATCTGAGACA,0.22904
ACAACAGCGCCTATTAT,0.0717
CGTGATTCTAACGAGCG,0.04463
TGTATGAATCAGGGCTT,0.0133
TACGCTCAGTATACTAG,0.01803
AAATGCGATGACACACC,0.07643
GAAAGTTGACCCCTAAC,0.24442
ACGTACTAAGATCCCGC,0.04408
GCGTGTGTAGGCCAAAT,0.38342
ATGGCAAACAAGGCATG,0.39011
GCGCATAACGAGGAGTT,0.00418
CACGGTGTAAAAGCTGA,0.15379
AGCTGCATGTCAGAACT,0.02425
TTATCAAATCACTAACT,0.0
GAACCTTTTAAGGAGAC,0.01953
GACCTGAAGGCCCAAAA,0.14229
TAAGATAGGAGACCAGG,0.52423
ACGCTACAAGCGCCAAG,0.02038
ACCGGAGGACGAATCCC,0.45796
CGACACACCGCCCAGTA,0.0
AACAGGACATACATAGT,0.42993
CCCCATTGGCAAAGTAC,0.08548
ATCGAATAGTCCCTCAT,0.08579
TCCGCGGAAGCAAACTT,0.29653
ACAGAGACGACGTCGAA,0.02421
GTTATGCACGGTTAACA,0.00061
ACAGAAAAGCATATTAT,0.10489
CCATCAATAGCCCTTAC,0.01796
TATGATGGATCGATCAT,0.24904
ATCAACGTTGCGTTAGT,0.00889
TGGTAATCGAACCTTGA,0.03098
AAAGTTCCGTTGACGAT,0.02584
CATGAGATAATCGATCA,0.15355
ATAGACTGGTGGTCGTT,0.03227
GAACCATCCGTAGACGG,0.0
GCCCTACACCAGTTACA,0.02666
TAGATGTGAAAACCTCG,0.20562
ACCGCTGGGGCGATATT,0.40473
TTCGAGATCCAAACTAT,0.0471
CCCCCGAGAAAGAATGC,0.28731
AAAGTCGCGTATCTGGC,0.03922
ATCTTCGGTTAAATGCT,0.08487
ATATTCAGGGAAGGACC,0.19268
TAAGTGTACCCAGACCT,0.11645
TCGTACCGCTATGGAAA,0.0
GGAACAAGCTACCTTTT,0.10427
GAAGACTAAGTAGGCGA,0.08342
ATCAGCCCTTTACTGTA,0.00062
GCTGCAGCTTCACAGAA,0.0
AGGGAAGGAGCATAGTC,0.6043
AAAAGAAGAAAAATACC,0.32515
ACCACACTACCTAGACT,0.09741
AAAATGGAGCTGGAACC,0.48555
ACTGTCGTTTATATGGG,0.0
CGACGGTCACCGAGAGA,0.034
GCCGGTACAACAGTAAG,0.1206
ATAGAACCACATCAGGG,0.00514
CTTGCGCGTCTTTATCA,0.0
TATAAAATGCTCACCCT,0.04473
TAACCCAATGCGGCAAC,0.0004
TTTATTACGCTCAGAAA,0.01971
ACAAAAGAAAGAAACAT,0.27526
TAGCGCTAATGTCGCGC,0.04455
GACTTAGTGTAAGACAC,0.09184
AGAATCCCTTACCAAAC,0.06362
CTGTTCAAAACCCCCCT,0.15234
AACCTGATGCCTGGTCA,0.00198
GAATAGACAGCGCTTGA,0.0006
ATCCTCGCGAATTTGCC,0.02867
CTCGAAGGAACGTTCCC,0.38872
CAGAAAGGGACCATGTC,0.46851
CAAACACACTACGCGAC,0.04198
TATAAAAGAAGGGTCCC,0.39362
CAGGTGTACAAACTGGT,0.09766
GAATTTAGCAATGATTC,0.01304
GATAAATTACAGCTATA,0.00539
GCACTTCCAGAGAAATC,0.00071
AAACATGGTAGGGTTTG,0.03024
TCGAGAGGCAAAGATGA,0.15418
ACGTGGAAAGTTTCGAG,0.2697
ACGAGAAGACCATAACC,0.36256
CGCAAACAGCGATATAA,0.01312
AACCTACGAGTGAGTAC,0.24
GTTTTGTAAGGTGGACT,0.43595
AGTTATGTGTAGACACC,0.10376
ACATTCAAATGACCAGG,0.06877
CCTGACATTCATAAAGG,0.00203
TACAGATGCGAGAGTCG,0.32986
ATAACCCCGAGGTGATC,0.41493
GAAGAATGTATCCGTTC,0.06838
TGTCCTCCCCTGCCCCA,0.01323
ATCAGAAGATGATTCCC,0.35772
GATCTAAATCGTCATCA,0.00121
CCGACAGAATTACCGTA,0.00709
CCAAAGATAAGGCGCCG,0.10154
AACAGGGGATGATAACC,0.43093
AAAATGGTGAGTCCCTG,0.35427
ACCACGGGGACAAAAAC,0.47805
AATGAAGTTAGGGCATA,0.02915
GATGGCGAGGAGATACT,0.71568
TGGTGCCACGAAAGAAG,0.19437
AGATGTTCGTATCAACT,0.29333
CGTAGATTTTAGAATCG,0.06979
CGTTCGGAGACCATTCT,0.46751
AGGTTTTGCTAGTTTTT,0.19435
TCCACGGGAGCAAATAC,0.49539
GGCTACCATTATGTTAA,0.0
TATCTCGACGCATAACG,0.00388
TTAATATAAAAGTGATG,0.08755
CCAAAAATCTCACTCAC,0.05847
GCCGGAAGAACAAAATT,0.36936
GTAACACGGCAGGTACT,0.03597
AAGCCAGAGACACGGCG,0.00074
ATCCAGACTTTGAGTAA,0.00866
ATAGCAATGATGCCGTT,0.11015
GTCCAGCGACCAATCAA,0.03892
GACGTGAGGCAACAAAA,0.44355
CCATTTTATATCTTTTA,0.0
CGTTAATGGCCCATATC,0.37324
GAAACCCCAAAGACATA,0.01989
CCCCTCCTCTAGAATCC,0.05048
ATTAGCTTTTTGAGACG,0.02353
AAGACGACGCAGCAACT,0.04064
GGTGGAGTGGAGATACT,0.47001
AAGATATCCTTCGTGGG,0.00067
ATAAGGGGGGAGATATT,0.86688
TCTCCATACTCGAAAAA,0.0015
TAGAACGAATTGATCGA,0.03876
AGAAACTACCCCCACAC,0.03713
AAGACTTACTGTACAAC,0.14779
GATCATTACCGGTATTT,0.0116
AAACCATAGTGATCACA,0.08702
ATTGGGGGGGAGATACT,0.75898
AATAGACGCTCAAAGCG,0.0227
TCCATGCACCCATTCGA,0.0
GAGAGAAGAACAACCTC,0.29514
ACGTCCAACTGACACAG,0.01009
ACGACTAGTGTAGGGAT,0.06732
GAATCAGAAGTGCACAA,0.03361
CAATTTCAAAGTTTGAG,0.06289
AGAAGGAGATCATTCCC,0.63635
AGGTTCTCTAGCTAAAA,0.05866
CGTACGAATAACGTGGC,0.02361
AAAGGGTAGCACAACCA,0.30194
CCCTCAGAAGGGATTAC,0.13803
CATGCGGAAAGAACTGG,0.13167
CATGAAGAGGCCAAAAT,0.50855
GGTAGAAGGCTATTCTT,0.46804
CTGGCCCTAACTGAATA,0.00999
CAAGTTTCAATCGATAT,0.074
CGGGGAAATGTCTGAAA,0.30766
AACAGAGGGCAATAACC,0.48849
TTGGGTGGAAACATAGT,0.2068
CCACAAACCAACGACAA,0.00652
ACAACGAAGCCCACAAG,0.03498
ATAAGAGAGAGAGTAGG,0.45638
TTAGATCTAAGGAACTT,0.31783
TATTATGCGTCCTACTA,0.00183
TGACGTTGATAATCCAA,0.1417
TTCATGTTTTTGTAAAC,0.00366
ATAATATCCGTTTGTTC,0.05633
GTGATACCCAAACTAAC,0.03866
GTCAGAAGCATAGGTTT,0.06375
TTTCCAAACCCATCGCG,0.0
AATGGAAGATCGGGGTG,0.0153
ATTAAATACCATTGCGA,0.0202
ATCACAGAGGGCAAACT,0.50726
CAAATATTGACCACGCT,0.08663
GAAGAACCCAGCGTTTC,0.02168
AGTCATGATTCACGTGG,0.00319
CAAGCTCGTAGTTAATG,0.00312
TAGACTGGAACTAACCC,0.29641
TCTTAGCGGCAAATATC,0.0818
ATCTCCGAACGCAATTC,0.07354
CAGCTGACTCATAAGAG,0.01472
GAGCTTTGAGGGAATAT,0.45303
GTTACATCAATTGAAGC,0.00938
TAATCTCAATCCCTACA,0.0096
TGGTGCTTGCTACGAGA,0.09987
TAACAAAACAGAGTGTC,0.00246
TCCTTACATCGGACAAA,0.00138
GAACGCACTTTCCTGCA,0.01172
TAAAAGTCTCTTCGATC,0.03033
TAACCCATTATGTTCAG,0.11983
GTTTAATCCCGGCCTGA,0.00348
GGCAGGCGAAACAAATC,0.17301
GAGAACTACACGCTACT,0.05183
ATTACGCCAAGAAAGCA,0.03035
GACCTCAAACTACACAC,0.0193
GCACAAACGCTGAGCTA,0.0
ACCGGAAGGGCAACCCC,0.41321
GGAAAAGGGTCTTCGGA,0.11085
CCCATAGGAAACCAGCA,0.25604
CATAACGAACGTGAGTC,0.11184
AACCACCCCCTTCTAGA,0.01753
TGACCGAGTACCGAAAA,0.22616
CGCGTATGAAGAATGGC,0.43653
TAAGGGTGTGTCTGATG,0.42786
ACGCAATCGATGTCAAG,0.04917
CCCGATTCCGAAACATA,0.0017
TACTTCCCACCAGTAAA,0.0
CCACACCAACATACCGG,0.00066
TTAAGTCTACATCAGAT,0.05153
AGAAGGGGACCATCCCT,0.46453
AGTCTGAGTGAGAGAGA,0.33604
TGCTTACTACCTGTTCA,0.10248
ACGTAAGACCGATGGGG,0.07951
GGTGAAGCCGAGCTGGA,0.00703
CTAAGAGAGGACTAAAT,0.81446
CTTACCACAATGATCAC,0.06282
AAGTTTAACGCACTCAA,0.04048
TGATCAAGGGAACATTT,0.43149
CCCTGGGGGACCTTACC,0.56434
TGTTTTGGTTTGAGAAT,0.17287
TGACAATGCGGTTTGAA,0.10683
CCCAAAAACGGCAGAAG,0.02994
TACTTCCCCTAGCTTAA,0.00176
TTAACGGGAACGTAGCT,0.47304
CCAACAGAAACCTATCT,0.13966
GAGCCGAGCAACATTGA,0.02126
CATGGCGGGGAGGTATT,0.74724
CATAATATCCCGATAGT,0.0264
ATCCCCGAGGAAACCCG,0.3772
AATCCCACGAAACCTCT,0.04925
CCAGATGAATCCTAACG,0.03721
ACACGAGCAGATCTTGG,0.04789
ACCAGAAGGCCATACCC,0.36121
TGTAGGAAAGGTATTAC,0.3469
TGCGTCTTGCAATATCA,0.00858
TAAAGGATCCACCTATC,0.46001
TGTTTGCCAGTGATGGG,0.00778
ATGTAGGTAAGCGCAAG,0.30846
TCCTACACATTCGTACT,0.03059
TCCGTTAAAACTATGGC,0.00447
GTAAATCAGGGGCTACA,0.0
TAACAAACCATGTGCAC,0.03919
ATTGGTATCAGCCGGAA,0.01298
GCAGGAAGACGAACATC,0.46531
TCCTAAAATAGGCCAAT,0.07003
TGAGCAGGAAACATGAC,0.41904
CAAGGAAGAGAGAACTG,0.23004
AGGCCATAACTCAGATA,0.02315
GGCTAGTGCCTTAACGT,0.02392
GAAGTTGCCGCACAAGC,0.016
ATCTATGAAGCCTACAT,0.20239
ATAAGGGGACGATTCCC,0.50853
TGATGTCGATACACAAC,0.39297
GCATAACTTGCAAGGGA,0.0
GCGAAGGAATATGGGAC,0.39586
TGCAAATGAGGTTCGGC,0.44476
TGACAAAAGACACTCAA,0.23929
GGAACCGCGAGCACCAA,0.05092
AACCGATGGCTAACAGC,0.33503
TATGAAAGACTACTATT,0.13368
TAGTTTGAAGGCGTGAT,0.3845
ATTTAGGATTATCTTCT,0.27742
TTTCTATAAAATACTCA,0.00469
GATGGGAGAACAAACCC,0.44539
CAAACATACGACTACTC,0.14267
CAAACCCCCCATGCAGT,0.02214
CAAGAGCACTGAATTGG,0.06753
TAAACTGGATCGACACC,0.15085
AACCAACCCCCGCCGCC,0.01968
GTGCTAGACTAAAAGGA,0.0197
TATGCGAGAGACATGTG,0.41804
GCTATATGGTAACGGTT,0.13326
TGAACGGGCGACCCACA,0.15626
GTATCGAACTTTTTAGG,0.07292
GAGAATCTGGTGGGTCG,0.03206
AAGACTGAAGACAAGAC,0.21727
AGGACGAAGGACGATAG,0.29105
ACGGTCTGGCGAAAATG,0.02052
AGCGCAATTACTCGGAA,0.00467
CTCGCGGGAAAGTACCC,0.02368
TAGAAGGTTAGCAAACA,0.37345
GAGGATAGATAATTTAT,0.58489
ACTAGAGAAAAGTTAAT,0.40982
CATGGGGTGGAGTTACT,0.49784
CAGGGAGAGGAGTTATT,0.67617
TCCTATGGGAACTATTC,0.26433
CAATAAAGACGGCAGGA,0.03286
ACGGTAGGATAGCAACC,0.0
AGACCGATTCCAACAAG,0.03796
AGATGACCTATCTAGAG,0.35674
TAAACAGCCACCGTGAA,0.00239
TGAATCGGGTTGAATTT,0.41507
CAATGATGTAGTAGCGA,0.03429
CGCGAGGAAAGGATGAC,0.38881
TTGGAAGAAAAGTATAT,0.41585
ACACCCACCGCCCCAGA,0.02577
GCTAATGAAGATGCCAG,0.02124
CTGAGTAAGTCCGATTA,0.00096
TGCGTATAGGCAGAGTG,0.0918
GACTACTTAAGTTTAGG,0.02232
CAAAGGAAGGGAAGCCG,0.40874
ACCAATGAAACATTGTT,0.03838
ATCAAAACGCCGACTTC,0.01034
ATTGCGACCTCAGCAAT,0.01471
GACAAAACCCCGGCCCC,0.02731
GCCACCAGACAGTACAC,0.02178
TGGAAGTAGCATTACGT,0.21794
CAGAGCAACACGAACAT,0.05883
ATCACAAAAAATATCGA,0.00347
GAGTATCCAGTTTATTA,0.00367
GAATATCTTTCAGAAGC,0.0125
ATTCACACACTGACCTT,0.07184
TCGTTCGAAGCTTATCT,0.01814
ACCGGCTCACCAAACCA,0.00107
AGTAGAGAACATTCCCG,0.26963
TCCAAGGGAGAAATAAT,0.68131
TGCACCCAAAACATGTA,0.00361
CTTACTCCAGAGAATAC,0.01782
GATTTCAGGAGCAGATG,0.40695
ACCAAAGCCCAACATTT,0.03233
CCCAGACTAAGGCATAT,0.08802
GACACGTAATGCAATCG,0.04131
TCACTATCAGTCTAGGT,0.00569
TATGAAGGGCGGGAGAT,0.49228
CAAACCCACGACAAGAG,0.0402
TTCAATCCATTACTCGT,0.0223
TAAGTCGCCCCAGGTAT,0.01671
ACTAGTGCCTTCCCGAT,0.0353
CGTCGCAGATCTTAAAA,0.05773
TATATCTGAGTGATCTC,0.2033
CGTGATGGTATGAAGAG,0.35292
CGCGTTCATCATTTAAC,0.0
GAGTCAGGTGCAAATCA,0.19169
TAGATAGCCCACGGAAT,0.03569
GAACCAGGTTTGGACAC,0.04066
AAACTCCCAAGTGGCAA,0.00895
AGGACTATCACAGCCCA,0.15009
ATCGTGTCAGCTGCAGT,0.05764
GACCAATTACGAGGGGT,0.02457
AGAAGCCCTTTATGAGA,0.28729
GGTAAACGTTTTTCCTC,0.04871
TCAGAAAGTAATTGTAC,0.07518
TGAAGTCAGAACCATAG,0.05315
GTCAGAAGACCAATCCC,0.26543
GAGTCTAGGTTACTTAA,0.09384
CTAATGCAGAATGCCTA,0.01732
TAAAGTGGTTTACCAGG,0.07267
GCGGGGAGACCAAACTC,0.53843
AATAGCCCTCAGGGACA,0.0
AATAGTGAGGGGTTATT,0.80222
GGATAGCAAAGCGCTAG,0.03469
TTACTCCCAGAAAACGC,0.03208
GTCGACGGATATGACAA,0.0715
GAACACTAGTAGCGCCG,0.07938
TAATGCAGAAGAGCAGA,0.26485
AAAGTAGGCGACTACCC,0.25349
GCAAAATCACCCTGAGT,0.03049
CTACGTCTAAGCGCAAC,0.07076
TGGCTATTGCCCAGATA,0.00566
GTCGAAATGTGCATTGA,0.01841
CGGTAGCACATGGGACA,0.00755
TCTATATGACTATCTAT,0.35965
AGAAGTCAAGGACACGG,0.04533
GCTACAAGTGAACACGC,0.07538
AACGAAAGACCCAGTTG,0.02348
GACAGAGGGGTAACCTT,0.61128
AACCCGATACGCAAACC,0.06765
ATCACCTTGCAATAACG,0.02456
TGGATTGCCCTATACAA,0.09029
GACGGGTACAAGCAGGT,0.06925
TAGCATCAAATGGCTAG,0.0
GCAAGAGACACTCAGTC,0.25155
TGCAAATCGTACTCAAC,0.17695
CGGCTATTGCAGTAAAC,0.02689
ATCTGACGTAACCTCTT,0.07207
ACAAACCCAAAACCAAC,0.02943
TTCACTGAGGACATACT,0.43331
AATAGCCCAAAGGCCGA,0.00812
CAAGATAATGCCACACA,0.0322
AGTCTACGAGCACATTC,0.15031
GAGACTCTTAATTGCTC,0.00494
GTGCAATAGCACGAATC,0.00414
AACTCAGTAAGACTCCG,0.04505
AAGTCTACCGGATAGCA,0.01057
CTCACGGCGAATATATC,0.07165
TACGGCAAGCAAATCCA,0.01753
ATAGACCAGTCAGTATA,0.00484
GAGTAATCGTGAGCCGT,0.08737
TCTACTTACGCGAAGAT,0.10344
CCATGTTATAAGAGACT,0.23694
CACCGAAAACATTGGAG,0.00255
ATAGCTGTGTAGAGCAA,0.04742
ACCGGAGGAGAAACATT,0.53278
AAGTCTTAACACCTCCC,0.03344
TAAAGGTCGTCTAAGAT,0.38756
ACTCAAACAGGTAGGTG,0.00305
AACGACTGAGCACAATC,0.02406
ACGGGAACTCTATCTCT,0.42947
TATCTTTTACCGTTGAG,0.07788
TAATCCTATAGAACAGG,0.01535
CAGGGAGAAAGATTAAT,0.6016
AGGCAGGACACATGACG,0.4642
GAATCGGGAACCGCGCA,0.06621
GGCCATCATACCATAAT,0.04934
CTTTCAATAGCAATCTA,0.01187
GGTTTACGATTCGTTTA,0.0
GTAAGCTATATAGCTTG,0.0
TCTAAACGCGTCGGTAG,0.0
ATTGGGGGGGGGATCCT,0.54833
GCAGGGAGACCAACCTC,0.54676
AGAAAGTGCTGCCCCTG,0.07662
GTAGGTGAGGGGGTACT,0.7265
CCTAGTGGGACCAATTT,0.38473
AGGCACAGGTACAACAT,0.43831
GTATCTTAGGGCGCAAA,0.08962
AACCAATCTATTCGGAC,0.0
GCCATAACACACTAGCC,0.03622
TACAGTAAAACTGTCTG,0.02715
CCCCCTTCCCCGCCCGC,0.0
CTTCAAGATCTCTAGAT,0.01025
AATACGGACTAAATTGA,0.13238
ACGCCACTCACACATAC,0.02468
CAAATCCAGAATTGCGT,0.34322
TCACCCAATTCCTAGAC,0.00545
CAACAGTCTAACTAACA,0.00123
CGCTGTGGAACCATTCC,0.25229
CAGACCACCCCAAGGTA,0.0
AATTCGACAAGCGTCTG,0.02956
ACCCTACCCTACGAAGC,0.02237
GAGTATGAGAAACTGGA,0.07181
AGAGTACGAATTCCCAC,0.1634
CATCGTGATCTGGTCCA,0.00428
AACGCCAGATGGGCAGC,0.01913
GAAAACTCCCATCCTGA,0.0
CAGTTATACTAGATTCC,0.07986
GGTAGTGAGACTATCAG,0.18295
GTATGGGGGTCGCTTGA,0.28638
ATAGTCAGCATCGATTT,0.02713
GATACGATTACGATCCT,0.00994
AAGCGGCATTTTAAATC,0.13714
ATCTGCCTAGCGCGTGA,0.00294
AGTGGAGGGAGATACCC,0.72577
ATGTCACCAACGTTTAA,0.04023
ATGTCAGGAGACTTATT,0.65969
TAATGATTAAATAGCCA,0.04872
AAACAGTCACCATCTCA,0.00439
AAGAGACAGCGTAATTG,0.23025
ACCCTACTCCCACAAAT,0.00442
GATAAGTTGGGTCTAGA,0.25955
AATAGGGGAAAAAGATC,0.68196
ACAGAGTCGGATGGTAC,0.01067
GATAGAGAGGGGTTTTT,0.75942
CTAGAAACTTTCTTACG,0.05239
GCCAAAACTATATAAAT,0.05419
ATAGGGAAGGGGGGGTC,0.63312
GACGTCAGAGAGTTTGG,0.11748
GAAAGAAGAGTTTCCCC,0.30069
GTGGCTAGAGCTGTAAA,0.01605
GCCAGAGGACTATCACC,0.35068
ACCTATACAACAATTTG,0.02431
AAACCAACAACCCGGGC,0.00099
AAGCACAATCCTGGCAA,0.00312
GTCTAGAGCAGGATCTC,0.11388
ATAACAGGGAGATTAAT,0.6647
CCTAAAGTGTCTTAGCA,0.06097
CTTGGAGAGGGGGTTTT,0.78668
TCAAAGATTCGTGGTTA,0.00842
CCAAGTCCAACCATCAT,0.02456
ATATGGGCATTTTACAG,0.44583
TACGTGATTATGCTATA,0.03246
CATACTCTTAAAGCCAT,0.10131
ATAAGGAGACAAATACC,0.01336
AGAGCTACGTTAACTTC,0.00497
ATGAGAAGATCATCCCT,0.56471
TATGACTAACGAGACAC,0.09751
ATCCAGAAAACCGGAAG,0.0033
GATCACGGGATGCAATA,0.23485
GTGTTGTACGGGAAGAC,0.02897
AGGAGAAGGCCAATCTC,0.58117
AATGCACAGACGTGCTC,0.0
GAATGACCGAACAGCCA,0.12658
AACAGTCATACATGGGC,0.07932
ACATAAATCGGCCATAC,0.031
TCAGCCCCACTACAATA,0.21521
CACAATGTTTTCCCAGA,0.00737
CAACCATCAGTACAGAA,0.02543
GGTACATGATCTTCAAA,0.09865
CTTTGATGAGATCATGT,0.46319
CTTACGCGACCGAATAA,0.04196
GCCGCAACGTTAAAATT,0.1116
ACAACCTGGCGGTAATT,0.05807
TCACCTTTATAACATCC,0.0
GACTTCCCATAAACTGG,0.00237
TAAACTATCTGGCAGAC,0.47943
TAATTCATGTGCCCTAG,0.1283
GGTCGAACAACTAGTCA,0.00409
TACACAAACGTCGCACA,0.01199
TTCCAACGACCAAGCAA,0.0
GAGAGGCATGTCTTACA,0.38278
CCCTAAGAAGGCTATCT,0.46918
GAATGCACTGCCCTGCA,0.01595
ACTCGCACTATCGAATC,0.01544
AACGGGGAAAAGATTAC,0.48935
ACGATCAACTGATTGCT,0.06576
CGTTACAAAGCACTCCA,0.01756
TCTGTAGACATAGTTGT,0.13299
ACCGAAACAGGAACCCA,0.1132
CAGAGGGAGGCGTAGTC,0.60369
ACCCCCAGACCCTAAAG,0.01783
ACATAGGAAACCAACAC,0.38519
GTAAAGTGAGAACTTGT,0.44155
AGAAGATGATTTTCTTC,0.13749
GCATAGTATGACTTTCA,0.00155
GTTAAGAAGTCGATCCC,0.07676
ACAAATGAGGCGATACC,0.50759
ATCACGGATACGCACAA,0.2278
TCTATTAATCCAATGTG,0.00433
TACATTCGATATCATTG,0.0
CGTTATGGAAACATGAT,0.35959
AATCCTGCGGTATGCAT,0.12978
AGCACAAGGTCCAAGAA,0.1015
TCTTCAGAAACAAACTC,0.00072
GTACAGAGTGGGCAATG,0.06802
TCATCGGAAAGAATCTC,0.20068
AAACACTCGTACTTCTG,0.01022
CCTGCAGAAAGCATGAT,0.0675
TATTTGTCAATCGTAGT,0.05051
CGAAATGATTGCCTGCG,0.02261
AACGGAAGATCAATACT,0.45039
TATTCTAACCTTTACTT,0.05067
GCAAGTATGCCAAATTA,0.00497
ATAGTCACCCCAAAGAG,0.04478
ACCAGAAGACAATTATC,0.21859
TCAATATCTGAGAACGA,0.03083
GACAGGAGAAAATGCTC,0.61391
GTGAGGTGGATGAGAAG,0.52525
ACTTGACTTTTATATGA,0.0198
AACAAACCTGACATCAA,0.0091
GAGCCAGAGTCGGGCTG,0.0
ATCCACGGGTAACCGAT,0.27384
TTTGCTGAGTTATTTCA,0.07185
GCCGGAGTCATTTTGGA,0.07986
ACATGGCCTACATTAGA,0.0
ACAGGAGGACGATACCC,0.72061
CGGTAACGTACGTAACA,0.02253
GGTAATTGGATAGTTGA,0.34322
TAGTAGATTGGGCTTGA,0.0257
TGAAGATACGGACACCA,0.41862
CAAACGGAGACCATACT,0.4584
GTCTTTGAGTGTTTCAG,0.11235
ATGAAAGAAAGATAGCC,0.00614
ACTTCAGGAGCAAAACC,0.43931
GCTAGAATGTTGTGTAA,0.0077
AAGTACAAGTGAACAAT,0.2967
AAGGACGCGCCAACGGT,0.08792
TTAACAACAACGGTTTA,0.0
AACGATACAACACTGAG,0.0333
AGGACTGGAAGGATTAC,0.18996
TCAAATTTTAGAGGACA,0.04398
GAGATTGGGTGCAAATC,0.43701
TATCGGCAACCAAAACT,0.06943
TTCGATGGGGCCAATTC,0.22879
CTAGCAATCTGTGTGTT,0.04409
ACCAGCTGAACCAAACC,0.05129
GCCAGAAGATCAAGATC,0.20533
TAATTGTCGCCCGCATA,0.0
TCCTTCAGTAAGAAGTC,0.03233
GGCAATTCGAGAACGAG,0.07789
ACAACTTTTGAATTACT,0.12373
ACACACGACCACATTCT,0.07601
CTCACATATGAACATCA,0.01301
CTAAGCGGGGAGTTATT,0.63513
GAAAGAGTCGGTAATCG,0.06056
TATAACCAAGCGCGGAA,0.00102
ACCAGAGGGTCATAATC,0.42484
CGCCAGAAAACCAAGCA,0.01601
TACAGAGGAGCGTATCC,0.5379
ACAAGGCATGGATCGTT,0.38146
GAACTAATACCTTACTC,0.04914
CCTTCGGGTAATTACGG,0.05601
CCCCTCAACTAATTGTG,0.00713
AGAACGATCGAAATGGC,0.06466
TAATACGTACAAGGATG,0.04792
ATATGCTTGGCGAAAAC,0.30638
AACATGCACGGGCTCAC,0.0
GAAGGGGAGGGGATATT,0.84894
TGAGACAAGGGTTCAGA,0.19284
CACGGAAGTTACAAGGA,0.09227
TTGGATAGCGCAACAGA,0.08552
GTTCTAGTTTGCTCAAG,0.01297
TAGCAATAGAGATTGGC,0.22883
CACCATAAGTGTCCAAA,0.03773
TAGCCTCGACGAGACGA,0.003
AATGAAGAAGGCTTCAT,0.357
ATAGTGGTCTTACTGAA,0.07845
TAAGGAGACTGTAACCT,0.70342
GTCATATTTGATAATCC,0.17016
ATTTGGGAAGGAATGAC,0.47106
TTAATGGGCGAAGAATC,0.40595
GACGCAATAATCACAAC,0.03453
CCCTTAGAAATAGCAAG,0.0671
GAGGATGTACTTCTTAA,0.24333
CAGCAGAGGAAATAAGC,0.56985
AACGATACATTTTCGTT,0.04157
GAGCGAGTTATATCGGC,0.16737
CTTTAGAATCAAAACAC,0.07652
CCAAAGGAAAAGTTTCC,0.45965
CGTTGGTGAACAATAAC,0.32632
CGCAGACTAAAGTGGTA,0.00815
TAGGGTATCACACTACT,0.42049
GACTAGACAATTAGTCG,0.00588
AGGCAATAAACTGCGTT,0.14965
ATTCTAGTCTTTCACTA,0.00139
CAAGCAGAGAAGATATC,0.39319
AAACGTGTGCCAGAAGA,0.00401
ACTGAAGGAAGGAATAT,0.53102
CCCACTGAGACAAAGCC,0.29383
ATCTAGGGGTAGGGTTA,0.2673
ACTTGCTACAACATCTA,0.00291
TAACCCTCAGTAACTGA,0.00591
CAGTTAGGGCCATAAAA,0.29799
CACGAGCGATGGTTTGA,0.14786
TGATTAGTTAATTCGGA,0.0
AAAACAGACTCACCGCG,0.00735
TTAGCTATTTTATTAGG,0.00825
GCTAGAAGGACATTCTA,0.3475
CCGCAGTAGAAAACCTA,0.00705
GCTACACACGCGCCCCG,0.00797
TCACCAATACTTAAGCA,0.00957
ATACGATCCACAGCGAT,0.05348
ATACCATCAGGACCGGA,0.01122
AGGCAGTTTCTAACTCG,0.05458
GGGGGAGTCTCACGAAA,0.46816
AACAGAAGGGTAAAATC,0.52098
AGTTCGCTTAAACACCC,0.00447
CGCAGAATTTAAGTGTA,0.0
CAAGGTAACTGACACTA,0.12676
ACTATTGTAGCAAACGT,0.11763
GTGTTGTTAACGATAAG,0.09792
CCTAGTGGGAAAAATCT,0.4404
TTAGATGTGCCTACTTA,0.00507
TCAGCAACGCAAGTAAC,0.00684
GCTATAAACACAACCGC,0.0161
GGTAGGGGGGAGATTCT,0.82391
AGACTTCTGGGGTCCAA,0.06774
GTAGTTTAGAAACATTA,0.21765
AAATGAGAAAAAATAAC,0.44974
ACGAATTTGTACCTATT,0.14053
CGTTTAACTATATGATT,0.36271
GTCTACAAGAACCTCAA,0.0194
ATAAGAAGACCAAACTC,0.40087
CCATGTGCCTGAAAGAG,0.39716
AACAGAAGACAATGCTC,0.10541
AGATGGGAAACGATACC,0.45454
AACTGACACACGGTTAA,0.0187
TAAAGTCCATAGCACGC,0.02685
TAGGTGATTTATATGCG,0.11426
AGTACACAACGCTAATC,0.21586
ACCAGGAGACCAACACT,0.51382
AAGTTCACTCTGACAAA,0.01442
TCGCAATCATGAAATCT,0.2825
GGGTACCACGAAACCAT,0.21266
AGTATGATCGATGGGGA,0.00345
CCTCAGCAAAAGACCTC,0.00632
CGTTATACAGCTTAAAA,0.01791
CAGCAAAAATAACCTCG,0.02811
AGCATAGAGCTATCTGA,0.04675
TGGAAGAAACCACCATT,0.39241
GGTGTGTCCCAAACACG,0.0571
TAGAAGAGCTGTGGGGA,0.05013
CAACTATTAGCGTTTAA,0.02672
CATTGAGAAGAATTTTT,0.40065
ATGAGCGAAAGATTACG,0.41804
TTTAACCTCACATTGGT,0.0
CGATAGCAATACACCAG,0.10325
CCAGGATGCTGATTCGT,0.34387
CGTAAGAATTCATCAGA,0.02479
GTTGGAGAGGAGATATT,0.85219
CAAAGCGCATACCATCG,0.00269
TCCCGGAGTTGAATAAG,0.40246
TAGCCAGAGATTTTCCA,0.01002
TAAGATCATTATGTACC,0.03711
TCACTAACGTTGAGTTA,0.0
TGAACTTGACGACATTA,0.11884
GTTGACGTAGAGGAATT,0.50686
TGACCCTACGAGCCGCA,0.00768
GATAACAGGACCCTATG,0.38264
GCGCTAGCAAACAAGGG,0.0
GCCTAATTAACTGAGTC,0.00105
ACTGACAGAACCCTGGT,0.0934
ACAAATGAAAGGAATCT,0.11173
TCCAATTTCATTACTAC,0.0
GAGAGGGAGGAGATTTT,0.97308
GAAAGGAGGCTAATACC,0.80845
AAGGAGGACAAGGCTTT,0.70884
CGAACTGGCCTAGGAAA,0.0246
CTACCTAAGAAGTAACA,0.03983
CCGGAAGGAGCCTAGCT,0.46538
CACATTCGGAAACGGGA,0.0
TTATACCCGAAATGGAC,0.13147
CACCGTGTTTACGATTA,0.0
AACTATTGAGGAAGTGA,0.39588
GTATTGGTGAGCCCGAG,0.1109
TCTGATACATCACGTAT,0.02221
GCATCCTGATTTCATTC,0.0
TACCACATCAACACGAC,0.02052
ATTAAACGATTGAAGTA,0.06314
ACGCGAAATCCTGGGTA,0.0
TCCACCTCTTAATATTA,0.00072
TTAATTGTATCGACCGC,0.03337
ATAAGAAGACCAACATC,0.20485
CTGAGGATATCGCAAAG,0.44124
CCCAGAGAGAACTATAC,0.42526
GCAAGAAGGACAATACC,0.49761
CCGTGTAACAACGTACT,0.06478
CATGCATAGTGAAGTTT,0.05739
AGAGCCTGCGAATCAGG,0.02215
TGTCCCCAACATTAGTA,0.0
ACCTCAGGAAAAAACAT,0.4515
CCCAAGGAAAGCAACTT,0.38342
ATTGACATCACAAATGC,0.02373
CAACCATAGATACCAAT,0.16645
ATTGTTTACGTAGGTAT,0.00259
TGACATAAGCAAAGGCA,0.00299
GATGTTACAACCTGACT,0.02921
CTAACCATGATGGCTAA,0.02181
CTTCACTAACGATACTA,0.07728
CTCGTAGCCCCTCATAA,0.00378
CGTAGGGTGGGGGTTTT,0.46786
CGCTCACTGTACAATAT,0.01734
GACGCCGGAACGAAGGA,0.02297
AAAACCCCCAGTCGCAA,0.01113
TGGAGAGAAGCGATGCC,0.62534
AACCAATTGCACCTTCA,0.0
CATGGGTCATATCCGAA,0.08783
CAAGAGGACTGTCCAAA,0.38805
TTAAAGGGTGAGTGTAG,0.31717
CATCACTAAGAAAGGGA,0.01599
TTTGACAGCAAAAGTGG,0.00236
TTATAAGGTCATGTAAT,0.4183
TCAATACCAGTACCCCA,0.00486
CAGCAGTCACACAGAAA,0.01681
AAAACGCGCCGGACGAG,0.00301
CGATAGTCCCGGTGTGA,0.01104
CTCTCAGAAACGTATAC,0.38895
AGAAGCAGACAACCACG,0.04151
ATAGGCCATAATGCAGC,0.22472
ATGTATGAAGGCAAAAC,0.39192
GCAAAACACACTCACCC,0.01824
GATGGAGGAGCATAACT,0.74293
AATCTCAAGATTCGCCA,0.02106
AAACTGTCATATGATAC,0.03814
AACTAGGAGACCATGTC,0.55473
CTGACTGAAAAATTAAC,0.08155
ACATCTGAGGCAAATAC,0.43556
GGAGCTAGCCAACACTA,0.0922
GCAAAGTGACACGCGAA,0.11469
AGCTCGGAGGCCTATAC,0.51622
ACCAGGGGAACAAACCC,0.48756
CGAAAGCGACATCCATT,0.07853
AACTCGGACGGCCGAAA,0.0532
TTAAGCATTCGTGAAAT,0.01992
CGGAAGTACAAAGGCAA,0.11078
CCGGAATTAGGAAGCGA,0.09434
TACGAAACATGCATCAC,0.07511
AATCCCAGGCAGCCACA,0.02575
CCCATTGACATTGGAGA,0.0
CAATAGACGATTAGTTG,0.06836
GTAAAGATAATCTCGTC,0.09632
TACACATCCAGAAGAGC,0.00246
AGTATAACGGATGCCTT,0.27922
GCGCCAAAACATGTTTG,0.00119
GACAGGAGACCAAAACC,0.57507
GAACTGTCAGTTGCTAT,0.01082
GGCGTATTATGTATTTG,0.16459
AGCTGTGGAAGCATTCT,0.107
GTCAGGATTTTATTAGG,0.33591
ACTAAACGCCTGAGGAT,0.09867
TGGTTATGACCGGAATA,0.10461
AAAGGACCCAGCTGCAT,0.24948
TAGGCTGTTTACACAAG,0.08192
GAAGTGAGGCTGCTGAT,0.46538
TATATGACGGCTGCATG,0.04196
AAACGCGACTCCCACGA,0.00448
TTAGAATCGTGATGACC,0.27415
CATTAATACTACGATTG,0.03284
ACTAGGAGATAATAACC,0.53081
GTACGTTAATTAGGCGA,0.01495
GAAGGGAGCTAGAATGG,0.03879
TAGGGCTTCGAAGATAC,0.10842
GAACGAATAGAGGTGTG,0.23779
CTGAGCGAATACTATAG,0.19906
AAACGCAGCCCTTCTCT,0.03891
ACAGGGAGAAGAATCTT,0.77163
TCTATACGCAACTAGTT,0.04249
CTAAATGTTATTCCGGT,0.0
GATGTGAGTCTCGAAAG,0.18157
GCAGGGGGGCCATAACT,0.69475
TCTCAAGCTTATCAGGA,0.00375
ACAACAAAGACGCCCTT,0.10307
GCGGGAGGACCAAGCCC,0.65108
CGATGGCAATCTAGTTT,0.20248
TTTACCGTTTCGGATCA,0.00423
TAGATTCGTGTATACAG,0.0329
AGATCAATACCACTCAC,0.06273
GAAAACCACCCCTCCAG,0.02532
CCGACCGAACGTCTAAT,0.03615
CTCTTTGAGACAACAAT,0.25843
ATACAGATACATGAGCT,0.06089
CGCGCATACAGACTAAC,0.01197
ACCTCTGAGGAAAATAT,0.45239
CCGTCTGAAAGGTATCC,0.07312
CAGAGATTTTAACTTGA,0.08114
CAAAAAGAAAAATAAAT,0.19506
GTCTTTCCTGGACTTAA,0.003
TTTTTGATAGTGTGAAG,0.08125
TGGTGAGAAGATTGTAC,0.42691
AGACTGTATGTACGTCG,0.04384
CAGATTGAAGGTTAAAG,0.35749
CATTACAGACTGACCAT,0.10334
TACCATTAAGCGGCCTC,0.11418
AACCCTGTCGGACCATG,0.02478
CATACCGAAAACAATGG,0.0098
CGAGAACAGCGACGAAC,0.1732
TGAACGGTTTCTTGAAC,0.22176
AATGGCGTGGGGGTATT,0.4864
ACACGTCCAGTACCAAG,0.00495
TTGCCAGTTCTGGAACT,0.00876
AATTTTCGAGACGGCTG,0.01378
GATACGCACGTCCACAA,0.00513
TAATACCCGTCGTCACA,0.00485
GGAAACTTACAATGCAC,0.34879
GCTAGAGGGTAATCATC,0.5141
AAGGTGTTCAGACGTAA,0.01654
CATCGTTCTCCTATAGA,0.0
CTTGTAAAGCCATAGAC,0.0799
CTTAAGGGATTCATGAG,0.39128
CAGTCGAAACCATTATG,0.00511
